period,employee_id,client_id,project_id,available_hours,worked_hours,billable_hours,non_billable_hours,overtime_hours
2026-01,E0481,C006,P022,160.0,153,113,40,0
2026-01,E0266,C001,P018,160.0,191,170,21,31
2026-01,E0044,C010,P003,160.0,122,112,10,0
2026-01,E0231,C006,P004,160.0,157,140,17,0
2026-01,E0104,C009,P022,160.0,111,103,8,0
2026-01,E0490,C011,P035,160.0,190,172,18,30
2026-01,E0149,C009,P002,160.0,174,164,10,14
2026-01,E0160,C001,P021,160.0,133,92,41,0
2026-01,E0478,C001,P016,160.0,102,95,7,0
2026-01,E0037,C009,P009,160.0,178,160,18,18
2026-01,E0123,C004,P020,160.0,142,109,33,0
2026-01,E0339,C008,P001,160.0,175,128,47,15
2026-01,E0277,C007,P004,160.0,145,127,18,0
2026-01,E0208,C003,P002,160.0,146,136,10,0
2026-01,E0455,C002,P024,160.0,133,104,29,0
2026-01,E0107,C005,P020,160.0,160,110,50,0
2026-01,E0012,C004,P003,160.0,148,106,42,0
2026-01,E0382,C006,P021,160.0,157,133,24,0
2026-01,E0500,C008,P021,160.0,106,72,34,0
2026-01,E0234,C005,P010,160.0,176,149,27,16
2026-01,E0297,C009,P009,160.0,183,147,36,23
2026-01,E0467,C011,P002,160.0,147,133,14,0
2026-01,E0332,C008,P018,160.0,196,178,18,36
2026-01,E0246,C001,P011,160.0,188,144,44,28
2026-01,E0474,C007,P019,160.0,161,138,23,1
2026-01,E0468,C011,P010,160.0,179,127,52,19
2026-01,E0051,C007,P013,160.0,171,131,40,11
2026-01,E0370,C006,P020,160.0,101,78,23,0
2026-01,E0197,C002,P011,160.0,138,110,28,0
2026-01,E0464,C003,P013,160.0,162,143,19,2
2026-01,E0135,C002,P021,160.0,185,168,17,25
2026-01,E0475,C012,P009,160.0,110,102,8,0
2026-01,E0278,C003,P004,160.0,102,80,22,0
2026-01,E0067,C011,P001,160.0,143,134,9,0
2026-01,E0090,C003,P035,160.0,93,78,15,0
2026-01,E0223,C009,P032,160.0,142,102,40,0
2026-01,E0405,C001,P032,160.0,154,108,46,0
2026-01,E0038,C003,P022,160.0,121,91,30,0
2026-01,E0213,C010,P003,160.0,143,121,22,0
2026-01,E0321,C005,P004,160.0,168,117,51,8
2026-01,E0111,C006,P033,160.0,131,92,39,0
2026-01,E0403,C007,P014,160.0,125,84,41,0
2026-01,E0093,C011,P010,160.0,142,101,41,0
2026-01,E0309,C002,P011,160.0,119,90,29,0
2026-01,E0337,C008,P008,160.0,194,128,66,34
2026-01,E0202,C010,P015,160.0,145,129,16,0
2026-01,E0097,C005,P013,160.0,127,115,12,0
2026-01,E0492,C003,P021,160.0,150,138,12,0
2026-01,E0154,C010,P023,160.0,142,126,16,0
2026-01,E0136,C007,P019,160.0,139,121,18,0
2026-01,E0005,C005,P029,160.0,131,99,32,0
2026-01,E0257,C006,P029,160.0,130,103,27,0
2026-01,E0402,C008,P015,160.0,107,84,23,0
2026-01,E0071,C001,P024,160.0,179,156,23,19
2026-01,E0098,C011,P006,160.0,159,127,32,0
2026-01,E0498,C010,P013,160.0,152,123,29,0
2026-01,E0300,C010,P027,160.0,141,114,27,0
2026-01,E0114,C002,P033,160.0,121,87,34,0
2026-01,E0040,C001,P009,160.0,126,82,44,0
2026-01,E0458,C005,P025,160.0,109,81,28,0
2026-01,E0252,C004,P013,160.0,128,87,41,0
2026-01,E0470,C007,P017,160.0,117,107,10,0
2026-01,E0484,C001,P008,160.0,187,165,22,27
2026-01,E0485,C006,P029,160.0,167,133,34,7
2026-01,E0083,C008,P034,160.0,146,120,26,0
2026-01,E0360,C007,P026,160.0,123,107,16,0
2026-01,E0237,C008,P018,160.0,119,87,32,0
2026-01,E0413,C012,P005,160.0,140,106,34,0
2026-01,E0305,C001,P027,160.0,168,127,41,8
2026-01,E0102,C007,P029,160.0,192,181,11,32
2026-01,E0286,C002,P004,160.0,110,74,36,0
2026-01,E0172,C009,P028,160.0,159,110,49,0
2026-01,E0023,C008,P028,160.0,128,90,38,0
2026-01,E0418,C007,P016,160.0,132,97,35,0
2026-01,E0170,C011,P012,160.0,146,112,34,0
2026-01,E0281,C011,P014,160.0,124,117,7,0
2026-01,E0340,C012,P023,160.0,139,130,9,0
2026-01,E0210,C012,P026,160.0,122,110,12,0
2026-01,E0119,C004,P034,160.0,130,91,39,0
2026-01,E0429,C012,P026,160.0,163,138,25,3
2026-01,E0062,C002,P029,160.0,147,120,27,0
2026-01,E0324,C008,P006,160.0,163,119,44,3
2026-01,E0270,C008,P033,160.0,128,95,33,0
2026-01,E0189,C006,P008,160.0,159,123,36,0
2026-01,E0313,C004,P029,160.0,104,71,33,0
2026-01,E0262,C003,P013,160.0,146,121,25,0
2026-01,E0006,C001,P007,160.0,160,111,49,0
2026-01,E0084,C003,P020,160.0,103,81,22,0
2026-01,E0082,C009,P022,160.0,128,96,32,0
2026-01,E0058,C010,P031,160.0,146,100,46,0
2026-01,E0085,C001,P010,160.0,170,123,47,10
2026-01,E0404,C006,P009,160.0,130,111,19,0
2026-01,E0355,C006,P017,160.0,158,125,33,0
2026-01,E0489,C012,P010,160.0,181,140,41,21
2026-01,E0476,C010,P014,160.0,159,142,17,0
2026-01,E0335,C009,P032,160.0,139,130,9,0
2026-01,E0394,C007,P027,160.0,154,143,11,0
2026-01,E0066,C003,P026,160.0,129,90,39,0
2026-01,E0124,C012,P008,160.0,147,120,27,0
2026-01,E0273,C005,P024,160.0,141,127,14,0
2026-01,E0445,C008,P025,160.0,153,108,45,0
2026-01,E0414,C012,P030,160.0,134,93,41,0
2026-01,E0207,C004,P014,160.0,154,130,24,0
2026-01,E0087,C012,P010,160.0,134,108,26,0
2026-01,E0068,C006,P034,160.0,166,127,39,6
2026-01,E0224,C006,P006,160.0,136,121,15,0
2026-01,E0047,C002,P010,160.0,94,74,20,0
2026-01,E0126,C010,P004,160.0,119,88,31,0
2026-01,E0287,C002,P004,160.0,145,104,41,0
2026-01,E0011,C002,P029,160.0,186,171,15,26
2026-01,E0459,C009,P031,160.0,165,152,13,5
2026-01,E0383,C001,P013,160.0,89,74,15,0
2026-01,E0364,C004,P009,160.0,108,74,34,0
2026-01,E0086,C010,P011,160.0,173,153,20,13
2026-01,E0148,C008,P033,160.0,160,146,14,0
2026-01,E0409,C009,P025,160.0,201,178,23,41
2026-01,E0375,C005,P029,160.0,133,96,37,0
2026-01,E0348,C007,P027,160.0,123,107,16,0
2026-01,E0002,C004,P023,160.0,146,128,18,0
2026-01,E0191,C004,P011,160.0,133,121,12,0
2026-01,E0158,C006,P011,160.0,170,116,54,10
2026-01,E0283,C012,P009,160.0,132,119,13,0
2026-01,E0106,C005,P020,160.0,138,122,16,0
2026-01,E0045,C002,P034,160.0,120,83,37,0
2026-01,E0417,C011,P030,160.0,163,141,22,3
2026-01,E0460,C003,P013,160.0,121,101,20,0
2026-01,E0200,C002,P027,160.0,155,112,43,0
2026-01,E0432,C011,P034,160.0,191,143,48,31
2026-01,E0226,C009,P012,160.0,100,78,22,0
2026-01,E0057,C004,P006,160.0,182,170,12,22
2026-01,E0029,C012,P013,160.0,151,121,30,0
2026-01,E0194,C012,P021,160.0,116,96,20,0
2026-01,E0088,C003,P029,160.0,147,126,21,0
2026-01,E0299,C012,P011,160.0,163,151,12,3
2026-01,E0398,C005,P018,160.0,125,102,23,0
2026-01,E0009,C004,P034,160.0,156,129,27,0
2026-01,E0028,C012,P023,160.0,184,171,13,24
2026-01,E0482,C007,P025,160.0,132,122,10,0
2026-01,E0176,C004,P026,160.0,120,113,7,0
2026-01,E0415,C002,P026,160.0,141,127,14,0
2026-01,E0125,C001,P013,160.0,146,120,26,0
2026-01,E0188,C001,P016,160.0,172,132,40,12
2026-01,E0059,C004,P016,160.0,141,125,16,0
2026-01,E0151,C008,P028,160.0,134,87,47,0
2026-01,E0227,C002,P022,160.0,119,96,23,0
2026-01,E0001,C007,P016,160.0,103,95,8,0
2026-01,E0353,C004,P011,160.0,112,97,15,0
2026-01,E0320,C004,P032,160.0,112,87,25,0
2026-01,E0380,C003,P034,160.0,138,95,43,0
2026-01,E0179,C009,P012,160.0,107,75,32,0
2026-01,E0471,C011,P025,160.0,77,71,6,0
2026-01,E0430,C011,P018,160.0,143,108,35,0
2026-01,E0314,C007,P002,160.0,191,124,67,31
2026-01,E0184,C005,P029,160.0,173,146,27,13
2026-01,E0157,C010,P006,160.0,138,93,45,0
2026-01,E0050,C009,P012,160.0,117,111,6,0
2026-01,E0336,C011,P005,160.0,209,140,69,49
2026-01,E0411,C005,P014,160.0,146,127,19,0
2026-01,E0244,C010,P030,160.0,149,106,43,0
2026-01,E0356,C001,P022,160.0,141,99,42,0
2026-01,E0181,C003,P016,160.0,144,118,26,0
2026-01,E0122,C003,P020,160.0,131,87,44,0
2026-01,E0452,C011,P010,160.0,138,111,27,0
2026-01,E0185,C008,P035,160.0,182,142,40,22
2026-01,E0177,C005,P030,160.0,176,122,54,16
2026-01,E0072,C002,P014,160.0,93,65,28,0
2026-01,E0242,C002,P003,160.0,109,91,18,0
2026-01,E0035,C002,P030,160.0,125,96,29,0
2026-01,E0229,C010,P001,160.0,168,110,58,8
2026-01,E0307,C002,P027,160.0,176,126,50,16
2026-01,E0349,C008,P024,160.0,163,106,57,3
2026-01,E0010,C011,P001,160.0,116,79,37,0
2026-01,E0376,C004,P019,160.0,131,110,21,0
2026-01,E0466,C004,P016,160.0,157,113,44,0
2026-01,E0308,C009,P003,160.0,138,119,19,0
2026-01,E0074,C009,P028,160.0,135,122,13,0
2026-01,E0049,C005,P022,160.0,135,114,21,0
2026-01,E0449,C012,P022,160.0,173,123,50,13
2026-01,E0190,C001,P026,160.0,159,103,56,0
2026-01,E0274,C007,P027,160.0,137,92,45,0
2026-01,E0206,C999,P019,160.0,153,118,35,0
2026-01,E0420,C011,P035,160.0,113,103,10,0
2026-01,E0094,C012,P031,160.0,131,95,36,0
2026-01,E0372,C010,P014,160.0,171,130,41,11
2026-01,E0259,C011,P022,160.0,106,88,18,0
2026-01,E0217,C003,P017,160.0,160,123,37,0
2026-01,E0315,C002,P007,160.0,92,67,25,0
2026-01,E0025,C007,P004,160.0,187,174,13,27
2026-01,E0378,C005,P007,160.0,131,119,12,0
2026-01,E0329,C002,P020,160.0,154,122,32,0
2026-01,E0089,C001,P021,160.0,147,114,33,0
2026-01,E0131,C002,P001,160.0,148,97,51,0
2026-01,E0367,C011,P010,160.0,152,127,25,0
2026-01,E0333,C010,P022,160.0,102,74,28,0
2026-01,E0142,C007,P023,160.0,149,140,9,0
2026-01,E0161,C008,P007,160.0,140,113,27,0
2026-01,E0323,C005,P007,160.0,131,85,46,0
2026-01,E0254,C012,P019,160.0,125,115,10,0
2026-01,E0416,C008,P030,160.0,149,109,40,0
2026-01,E0392,C002,P019,160.0,120,97,23,0
2026-01,E0276,C009,P005,160.0,170,121,49,10
2026-01,E0290,C011,P009,160.0,156,101,55,0
2026-01,E0379,C006,P014,160.0,151,125,26,0
2026-01,E0024,C007,P031,160.0,169,143,26,9
2026-01,E0219,C010,P017,160.0,98,78,20,0
2026-01,E0091,C008,P010,160.0,113,75,38,0
2026-01,E0220,C006,P032,160.0,157,105,52,0
2026-01,E0488,C011,P007,160.0,126,104,22,0
2026-01,E0127,C002,P020,160.0,129,95,34,0
2026-01,E0463,C002,P027,160.0,109,82,27,0
2026-01,E0289,C010,P035,160.0,120,98,22,0
2026-01,E0395,C001,P012,160.0,171,135,36,11
2026-01,E0247,C011,P032,160.0,157,136,21,0
2026-01,E0440,C004,P005,160.0,149,106,43,0
2026-01,E0055,C006,P009,160.0,130,103,27,0
2026-01,E0294,C002,P024,160.0,148,122,26,0
2026-01,E0439,C001,P026,160.0,173,117,56,13
2026-01,E0251,C012,P029,160.0,127,85,42,0
2026-01,E0007,C010,P018,160.0,144,123,21,0
2026-01,E0447,C012,P029,160.0,189,147,42,29
2026-01,E0434,C004,P024,160.0,162,144,18,2
2026-01,E0092,C006,P019,160.0,130,111,19,0
2026-01,E0322,C008,P002,160.0,160,121,39,0
2026-01,E0301,C001,P034,160.0,105,71,34,0
2026-01,E0426,C011,P030,160.0,143,100,43,0
2026-01,E0256,C010,P021,160.0,160,130,30,0
2026-01,E0146,C003,P020,160.0,154,137,17,0
2026-01,E0020,C010,P017,160.0,160,135,25,0
2026-01,E0112,C010,P004,160.0,165,119,46,5
2026-01,E0423,C004,P033,160.0,156,124,32,0
2026-01,E0347,C001,P028,160.0,155,109,46,0
2026-01,E0113,C003,P023,160.0,150,123,27,0
2026-01,E0205,C008,P032,160.0,117,108,9,0
2026-01,E0052,C004,P007,160.0,171,160,11,11
2026-01,E0080,C001,P019,160.0,144,130,14,0
2026-01,E0448,C001,P034,160.0,162,146,16,2
2026-01,E0003,C012,P035,160.0,168,111,57,8
2026-01,E0284,C005,P034,160.0,132,109,23,0
2026-01,E0129,C002,P010,160.0,134,90,44,0
2026-01,E0077,C012,P005,160.0,137,117,20,0
2026-01,E0293,C002,P004,160.0,176,117,59,16
2026-01,E0419,C003,P007,160.0,122,90,32,0
2026-01,E0444,C008,P005,160.0,181,134,47,21
2026-01,E0061,C009,P003,160.0,149,124,25,0
2026-01,E0494,C012,P032,160.0,151,108,43,0
2026-01,E0304,C003,P032,160.0,167,109,58,7
2026-01,E0147,C009,P032,160.0,147,136,11,0
2026-01,E0143,C005,P010,160.0,171,152,19,11
2026-01,E0384,C004,P004,160.0,132,104,28,0
2026-01,E0014,C011,P005,160.0,180,150,30,20
2026-01,E0456,C009,P028,160.0,133,103,30,0
2026-01,E0175,C005,P019,160.0,181,157,24,21
2026-01,E0121,C006,P009,160.0,134,101,33,0
2026-01,E0096,C006,P004,160.0,137,100,37,0
2026-01,E0153,C009,P004,160.0,119,78,41,0
2026-01,E0473,C003,P032,160.0,125,81,44,0
2026-01,E0201,C010,P015,160.0,144,110,34,0
2026-01,E0373,C012,P025,160.0,150,128,22,0
2026-01,E0103,C012,P027,160.0,169,157,12,9
2026-01,E0169,C004,P027,160.0,139,109,30,0
2026-01,E0479,C001,P004,160.0,116,109,7,0
2026-01,E0412,C008,P004,160.0,154,110,44,0
2026-01,E0056,C005,P011,160.0,149,124,25,0
2026-01,E0178,C004,P011,160.0,157,126,31,0
2026-01,E0222,C008,P028,160.0,129,92,37,0
2026-01,E0030,C008,P025,160.0,131,92,39,0
2026-01,E0167,C008,P028,160.0,129,86,43,0
2026-01,E0171,C008,P014,160.0,174,163,11,14
2026-01,E0362,C010,P007,160.0,180,154,26,20
2026-01,E0427,C004,P029,160.0,130,90,40,0
2026-01,E0438,C007,P008,160.0,131,93,38,0
2026-01,E0334,C010,P031,160.0,160,129,31,0
2026-01,E0381,C002,P010,160.0,183,123,60,23
2026-01,E0275,C999,P024,160.0,189,172,17,29
2026-01,E0069,C012,P035,160.0,129,118,11,0
2026-01,E0390,C011,P003,160.0,135,126,9,0
2026-01,E0173,C008,P010,160.0,152,128,24,0
Jan-2026,E0250,C008,P028,160.0,153,124,29,0
2026-01,E0048,C011,P003,160.0,140,106,34,0
2026-01,E0345,C005,P015,160.0,125,90,35,0
2026-01,E0116,C005,P018,160.0,144,97,47,0
2026-01,E0241,C004,P034,160.0,189,135,54,29
2026-01,E0327,C005,P017,160.0,132,119,13,0
2026-01,E0330,C012,P018,160.0,150,119,31,0
2026-01,E0198,C003,P027,160.0,208,186,22,48
2026-01,E0341,C005,P015,160.0,131,98,33,0
2026-01,E0371,C008,P015,160.0,162,118,44,2
2026-01,E0095,C005,P002,160.0,191,174,17,31
2026-01,E0343,C007,P008,160.0,159,143,16,0
2026-01,E0291,C002,P021,160.0,172,156,16,12
2026-01,E0477,C002,P019,160.0,165,141,24,5
2026-01,E0065,C012,P030,160.0,157,134,23,0
2026-01,E0451,C008,P001,160.0,179,124,55,19
2026-01,E0428,C003,P002,160.0,161,147,14,1
2026-01,E0361,C010,P001,160.0,140,105,35,0
2026-01,E0081,C008,P002,160.0,148,129,19,0
2026-01,E0352,C012,P015,160.0,154,138,16,0
2026-01,E0306,C007,P031,160.0,135,108,27,0
2026-01,E0397,C009,P013,160.0,149,125,24,0
2026-01,E0389,C008,P018,160.0,146,106,40,0
2026-01,E0369,C012,P030,160.0,161,142,19,1
2026-01,E0295,C009,P026,160.0,199,135,64,39
2026-01,E0328,C004,P033,160.0,151,141,10,0
2026-01,E0073,C008,P014,160.0,184,138,46,24
2026-01,E0424,C011,P030,160.0,160,108,52,0
2026-01,E0042,C011,P019,160.0,149,138,11,0
2026-01,E0215,C010,P012,160.0,133,98,35,0
2026-01,E0454,C005,P029,160.0,149,128,21,0
2026-01,E0292,C008,P007,160.0,148,111,37,0
2026-01,E0303,C010,P027,160.0,127,106,21,0
2026-01,E0216,C008,P009,160.0,131,114,17,0
2026-01,E0027,C011,P013,160.0,154,101,53,0
2026-01,E0391,C010,P011,160.0,184,157,27,24
2026-01,E0152,C002,P032,160.0,143,112,31,0
2026-01,E0133,C012,P031,160.0,108,75,33,0
2026-02,E0412,C008,P004,160.0,90,79,11,0
2026-02,E0083,C008,P034,160.0,119,80,39,0
2026-02,E0027,C011,P013,160.0,162,138,24,2
2026-02,E0398,C005,P018,160.0,112,104,8,0
2026-02,E0445,C008,P025,160.0,166,115,51,6
2026-02,E0127,C002,P020,160.0,161,124,37,1
2026-02,E0129,C002,P010,160.0,142,119,23,0
2026-02,E0473,C003,P032,160.0,106,100,6,0
2026-02,E0307,C002,P027,160.0,127,98,29,0
2026-02,E0067,C011,P001,160.0,138,98,40,0
2026-02,E0052,C004,P007,160.0,153,100,53,0
2026-02,E0373,C012,P025,160.0,113,102,11,0
2026-02,E0420,C011,P035,160.0,181,143,38,21
2026-02,E0234,C005,P010,160.0,153,134,19,0
2026-02,E0207,C004,P014,160.0,156,140,16,0
2026-02,E0326,C005,P011,160.0,161,110,51,1
2026-02,E0367,C011,P010,160.0,178,117,61,18
2026-02,E0103,C012,P027,160.0,149,132,17,0
2026-02,E0028,C012,P023,160.0,162,128,34,2
2026-02,E0087,C012,P010,160.0,128,90,38,0
2026-02,E0490,C011,P035,160.0,190,151,39,30
2026-02,E0291,C002,P021,160.0,148,108,40,0
2026-02,E0375,C005,P029,160.0,127,112,15,0
2026-02,E0174,C007,P027,160.0,133,86,47,0
2026-02,E0381,C002,P010,160.0,97,65,32,0
2026-02,E0238,C010,P012,160.0,133,110,23,0
2026-02,E0256,C010,P021,160.0,84,61,23,0
2026-02,E0308,C009,P003,160.0,164,144,20,4
2026-02,E0428,C003,P002,160.0,155,102,53,0
2026-02,E0082,C009,P022,160.0,120,86,34,0
2026-02,E0301,C001,P034,160.0,143,135,8,0
2026-02,E0048,C011,P003,160.0,144,120,24,0
2026-02,E0332,C008,P018,160.0,116,99,17,0
2026-02,E0470,C007,P006,160.0,139,103,36,0
2026-02,E0358,C001,P003,160.0,145,116,29,0
2026-02,E0343,C007,P008,160.0,138,91,47,0
2026-02,E0012,C004,P003,160.0,127,85,42,0
2026-02,E0112,C010,P004,160.0,119,97,22,0
2026-02,E0410,C001,P032,160.0,137,117,20,0
2026-02,E0187,C006,P020,160.0,130,91,39,0
2026-02,E0088,C003,P029,160.0,159,108,51,0
2026-02,E0199,C003,P017,160.0,179,118,61,19
2026-02,E0029,C012,P013,160.0,168,156,12,8
2026-02,E0384,C004,P004,160.0,146,125,21,0
2026-02,E0044,C010,P003,160.0,128,116,12,0
2026-02,E0492,C003,P021,160.0,167,125,42,7
2026-02,E0277,C007,P004,160.0,160,143,17,0
2026-02,E0338,C007,P012,160.0,177,139,38,17
2026-02,E0364,C004,P009,160.0,149,125,24,0
2026-02,E0349,C008,P024,160.0,188,126,62,28
2026-02,E0484,C001,P008,160.0,149,99,50,0
2026-02,E0111,C006,P033,160.0,128,116,12,0
2026-02,E0303,C010,P027,160.0,132,94,38,0
2026-02,E0347,C001,P028,160.0,158,133,25,0
2026-02,E0268,C002,P007,160.0,130,103,27,0
2026-02,E0382,C006,P021,160.0,188,135,53,28
2026-02,E0273,C005,P024,160.0,155,147,8,0
2026-02,E0280,C005,P034,160.0,145,102,43,0
2026-02,E0414,C012,P030,160.0,148,126,22,0
2026-02,E0185,C008,P035,160.0,138,125,13,0
2026-02,E0143,C005,P010,160.0,103,89,14,0
2026-02,E0124,C012,P008,160.0,132,99,33,0
2026-02,E0002,C004,P023,160.0,184,140,44,24
2026-02,E0106,C005,P020,160.0,150,117,33,0
2026-02,E0390,C011,P003,160.0,171,148,23,11
2026-02,E0152,C002,P032,160.0,171,157,14,11
2026-02,E0405,C001,P032,160.0,144,111,33,0
2026-02,E0005,C005,P029,160.0,161,148,13,1
2026-02,E0437,C006,P013,160.0,105,74,31,0
2026-02,E0315,C002,P007,160.0,181,157,24,21
2026-02,E0454,C004,P016,160.0,179,123,56,19
2026-02,E0455,C002,P024,160.0,157,110,47,0
2026-02,E0177,C005,P030,160.0,151,108,43,0
2026-02,E0208,C003,P002,160.0,144,104,40,0
2026-02,E0153,C009,P004,160.0,174,158,16,14
2026-02,E0202,C010,P015,160.0,164,124,40,4
2026-02,E0183,C007,P016,160.0,73,60,13,0
2026-02,E0376,C004,P019,160.0,135,127,8,0
2026-02,E0461,C012,P024,160.0,117,85,32,0
2026-02,E0114,C002,P033,160.0,112,98,14,0
2026-02,E0155,C003,P024,160.0,174,119,55,14
2026-02,E0447,C005,P013,160.0,143,103,40,0
2026-02,E0475,C012,P009,160.0,156,104,52,0
2026-02,E0166,C002,P022,160.0,146,109,37,0
2026-02,E0200,C002,P027,160.0,112,100,12,0
2026-02,E0025,C007,P004,160.0,106,88,18,0
2026-02,E0097,C005,P013,160.0,134,115,19,0
2026-02,E0189,C006,P008,160.0,136,89,47,0
2026-02,E0090,C003,P035,160.0,136,118,18,0
2026-02,E0184,C005,P029,160.0,136,122,14,0
2026-02,E0034,C008,P003,160.0,196,174,22,36
2026-02,E0172,C009,P028,160.0,170,120,50,10
2026-02,E0147,C009,P032,160.0,150,102,48,0
2026-02,E0394,C007,P027,160.0,143,115,28,0
2026-02,E0081,C008,P002,160.0,144,134,10,0
2026-02,E0001,C007,P016,160.0,163,121,42,3
2026-02,E0466,C004,P016,160.0,142,113,29,0
2026-02,E0257,C007,P031,160.0,167,131,36,7
2026-02,E0221,C004,P012,160.0,153,123,30,0
2026-02,E0057,C004,P006,160.0,197,136,61,37
2026-02,E0181,C003,P016,160.0,141,92,49,0
2026-02,E0388,C012,P024,160.0,172,122,50,12
2026-02,E0286,C002,P004,160.0,119,101,18,0
2026-02,E0201,C010,P015,160.0,129,117,12,0
2026-02,E0374,C001,P005,160.0,192,135,57,32
2026-02,E0040,C001,P009,160.0,166,154,12,6
2026-02,E0006,C001,P007,160.0,157,134,23,0
2026-02,E0247,C011,P032,160.0,205,186,19,45
2026-02,E0408,C010,P026,160.0,143,117,26,0
2026-02,E0190,C001,P026,160.0,172,122,50,12
2026-02,E0119,C004,P034,160.0,174,147,27,14
2026-02,E0176,C004,P026,160.0,185,126,59,25
2026-02,E0009,C004,P034,160.0,116,98,18,0
2026-02,E0072,C002,P014,160.0,143,130,13,0
2026-02,E0267,C012,P004,160.0,153,135,18,0
2026-02,E0356,C001,P022,160.0,185,169,16,25
2026-02,E0424,C011,P030,160.0,156,120,36,0
2026-02,E0305,C001,P027,160.0,174,155,19,14
2026-02,E0361,C010,P001,160.0,114,100,14,0
2026-02,E0368,C004,P005,160.0,137,122,15,0
2026-02,E0403,C007,P014,160.0,179,122,57,19
2026-02,E0142,C007,P023,160.0,140,104,36,0
2026-02,E0276,C009,P005,160.0,145,110,35,0
2026-02,E0104,C009,P022,160.0,184,141,43,24
2026-02,E0396,C002,P018,160.0,123,96,27,0
2026-02,E0379,C006,P014,160.0,129,92,37,0
2026-02,E0254,C012,P019,160.0,111,74,37,0
2026-02,E0252,C004,P013,160.0,186,155,31,26
2026-02,E0417,C011,P030,160.0,170,134,36,10
2026-02,E0423,C004,P033,160.0,169,136,33,9
2026-02,E0051,C002,P016,160.0,136,107,29,0
2026-02,E0309,C002,P011,160.0,110,90,20,0
2026-02,E0167,C008,P028,160.0,103,83,20,0
2026-02,E0395,C001,P012,160.0,179,160,19,19
2026-02,E0171,C008,P014,160.0,159,137,22,0
2026-02,E0062,C002,P029,160.0,163,117,46,3
2026-02,E0160,C001,P021,160.0,152,141,11,0
2026-02,E0063,C012,P027,160.0,126,100,26,0
2026-02,E0284,C005,P034,160.0,137,99,38,0
2026-02,E0297,C009,P009,160.0,120,106,14,0
2026-02,E0061,C009,P003,160.0,117,94,23,0
2026-02,E0065,C012,P030,160.0,167,144,23,7
2026-02,E0194,C012,P021,160.0,105,76,29,0
2026-02,E0170,C011,P012,160.0,120,84,36,0
2026-02,E0337,C008,P008,160.0,139,118,21,0
2026-02,E0327,C005,P017,160.0,147,126,21,0
2026-02,E0220,C006,P032,160.0,111,75,36,0
2026-02,E0094,C012,P031,160.0,105,98,7,0
2026-02,E0438,C007,P008,160.0,156,124,32,0
2026-02,E0340,C012,P023,160.0,150,99,51,0
2026-02,E0056,C005,P011,160.0,179,150,29,19
2026-02,E0348,C007,P027,160.0,148,132,16,0
2026-02,E0321,C005,P004,160.0,158,144,14,0
2026-02,E0370,C006,P020,160.0,127,105,22,0
2026-02,E0133,C012,P031,160.0,128,98,30,0
2026-02,E0479,C001,P004,160.0,113,99,14,0
2026-02,E0409,C011,P020,160.0,127,93,34,0
2026-02,E0320,C004,P032,160.0,137,116,21,0
2026-02,E0021,C011,P001,160.0,176,119,57,16
2026-02,E0050,C009,P012,160.0,124,102,22,0
2026-02,E0023,C008,P028,160.0,198,138,60,38
2026-02,E0149,C009,P002,160.0,160,114,46,0
2026-02,E0084,C003,P020,160.0,155,105,50,0
2026-02,E0158,C006,P011,160.0,146,121,25,0
2026-02,E0314,C010,P003,160.0,141,114,27,0
2026-02,E0476,C010,P014,160.0,131,108,23,0
2026-02,E0033,C009,P030,160.0,110,87,23,0
2026-02,E0336,C011,P005,160.0,124,96,28,0
2026-02,E0179,C001,P004,160.0,185,160,25,25
2026-02,E0049,C005,P022,160.0,159,116,43,0
2026-02,E0316,C005,P006,160.0,185,124,61,25
2026-02,E0281,C011,P014,160.0,130,93,37,0
2026-02,E0004,C008,P017,160.0,119,90,29,0
2026-02,E0478,C001,P016,160.0,145,97,48,0
2026-02,E0289,C010,P035,160.0,125,111,14,0
2026-02,E0126,C010,P004,160.0,150,137,13,0
2026-02,E0471,C011,P025,160.0,106,89,17,0
2026-02,E0458,C005,P025,160.0,95,71,24,0
2026-02,E0038,C003,P022,160.0,154,131,23,0
2026-02,E0427,C004,P029,160.0,186,146,40,26
2026-02,E0352,C012,P015,160.0,155,103,52,0
2026-02,E0219,C010,P017,160.0,158,111,47,0
2026-02,E0453,C009,P006,160.0,146,125,21,0
2026-02,E0047,C002,P010,160.0,149,101,48,0
2026-02,E0085,C001,P010,160.0,109,85,24,0
2026-02,E0496,C012,P025,160.0,126,107,19,0
2026-02,E0371,C008,P015,160.0,175,155,20,15
2026-02,E0296,C012,P032,160.0,117,110,7,0
2026-02,E0215,C010,P012,160.0,137,127,10,0
2026-02,E0206,C999,P019,160.0,175,141,34,15
2026-02,E0272,C004,P031,160.0,148,123,25,0
2026-02,E0003,C012,P035,160.0,149,102,47,0
2026-02,E0037,C009,P009,160.0,137,123,14,0
2026-02,E0494,C012,P032,160.0,162,107,55,2
2026-02,E0113,C011,P023,160.0,168,124,44,8
2026-02,E0246,C011,P007,160.0,125,84,41,0
2026-02,E0283,C012,P009,160.0,111,103,8,0
2026-02,E0068,C006,P034,160.0,99,76,23,0
2026-02,E0304,C003,P032,160.0,157,123,34,0
2026-02,E0330,C012,P018,160.0,154,142,12,0
2026-02,E0191,C004,P011,160.0,207,165,42,47
2026-02,E0154,C010,P023,160.0,147,112,35,0
2026-02,E0488,C011,P007,160.0,142,129,13,0
2026-02,E0474,C007,P019,160.0,151,133,18,0
2026-02,E0434,C004,P024,160.0,153,113,40,0
2026-02,E0241,C008,P020,160.0,140,98,42,0
2026-02,E0054,C012,P013,160.0,126,108,18,0
2026-02,E0293,C002,P004,160.0,145,122,23,0
2026-02,E0018,C010,P026,160.0,144,129,15,0
2026-02,E0262,C005,P016,160.0,144,119,25,0
2026-02,E0259,C011,P022,160.0,165,145,20,5
2026-02,E0223,C009,P032,160.0,145,111,34,0
2026-02,E0444,C008,P005,160.0,112,77,35,0
2026-02,E0274,C004,P010,160.0,129,84,45,0
2026-02,E0270,C008,P033,160.0,140,96,44,0
2026-02,E0383,C001,P013,160.0,146,137,9,0
2026-02,E0456,C009,P028,160.0,158,123,35,0
2026-02,E0418,C007,P016,160.0,146,114,32,0
2026-02,E0216,C008,P009,160.0,95,64,31,0
2026-02,E0175,C005,P019,160.0,114,95,19,0
2026-02,E0146,C003,P020,160.0,159,134,25,0
2026-02,E0260,C012,P025,160.0,139,92,47,0
2026-02,E0378,C005,P007,160.0,182,172,10,22
2026-02,E0077,C012,P005,160.0,148,139,9,0
2026-02,E0007,C010,P018,160.0,136,98,38,0
2026-02,E0080,C001,P019,160.0,129,110,19,0
2026-02,E0294,C002,P024,160.0,137,91,46,0
2026-02,E0275,C999,P024,160.0,149,133,16,0
2026-02,E0333,C010,P022,160.0,145,121,24,0
2026-02,E0411,C005,P014,160.0,168,135,33,8
2026-02,E0095,C005,P002,160.0,107,83,24,0
2026-02,E0469,C003,P001,160.0,110,83,27,0
2026-02,E0392,C002,P019,160.0,139,107,32,0
2026-02,E0463,C002,P027,160.0,158,139,19,0
2026-02,E0318,C007,P007,160.0,163,106,57,3
2026-02,E0058,C010,P031,160.0,130,85,45,0
2026-02,E0360,C007,P026,160.0,80,58,22,0
2026-02,E0319,C005,P025,160.0,131,106,25,0
2026-02,E0213,C010,P003,160.0,154,110,44,0
2026-02,E0313,C004,P029,160.0,144,98,46,0
2026-02,E0121,C006,P009,160.0,159,129,30,0
2026-02,E0024,C007,P031,160.0,174,118,56,14
2026-02,E0452,C011,P010,160.0,141,112,29,0
2026-02,E0042,C011,P019,160.0,133,115,18,0
2026-02,E0122,C003,P020,160.0,122,96,26,0
2026-02,E0362,C010,P007,160.0,110,86,24,0
2026-02,E0217,C003,P017,160.0,104,92,12,0
2026-02,E0435,C001,P022,160.0,128,109,19,0
2026-02,E0306,C011,P030,160.0,170,132,38,10
2026-02,E0369,C012,P030,160.0,161,106,55,1
2026-02,E0089,C001,P021,160.0,132,121,11,0
2026-02,E0482,C007,P025,160.0,198,167,31,38
2026-02,E0098,C011,P006,160.0,129,118,11,0
2026-02,E0329,C002,P020,160.0,177,118,59,17
2026-02,E0250,C008,P028,160.0,184,148,36,24
2026-02,E0353,C004,P011,160.0,156,125,31,0
2026-02,E0372,C010,P014,160.0,128,109,19,0
2026-02,E0339,C008,P001,160.0,135,90,45,0
2026-02,E0287,C002,P004,160.0,149,97,52,0
2026-02,E0397,C009,P013,160.0,111,83,28,0
2026-02,E0468,C011,P010,160.0,120,105,15,0
2026-02,E0464,C003,P013,160.0,118,82,36,0
2026-02,E0500,C008,P021,160.0,158,107,51,0
2026-02,E0300,C010,P027,160.0,174,126,48,14
2026-02,E0059,C004,P016,160.0,162,106,56,2
2026-02,E0015,C007,P021,160.0,169,141,28,9
2026-02,E0459,C009,P031,160.0,126,96,30,0
2026-02,E0264,C001,P005,160.0,136,113,23,0
2026-02,E0231,C006,P004,160.0,138,121,17,0
2026-02,E0324,C008,P006,160.0,156,103,53,0
2026-02,E0265,C009,P015,160.0,199,187,12,39
2026-02,E0290,C011,P009,160.0,128,120,8,0
2026-02,E0182,C011,P034,160.0,168,139,29,8
2026-02,E0136,C007,P019,160.0,183,163,20,23
2026-02,E0010,C011,P001,160.0,157,132,25,0
2026-02,E0433,C008,P004,160.0,135,125,10,0
2026-02,E0278,C003,P004,160.0,124,88,36,0
2026-02,E0164,C004,P019,160.0,118,92,26,0
2026-02,E0110,C007,P017,160.0,95,79,16,0
2026-02,E0295,C009,P026,160.0,139,127,12,0
2026-02,E0055,C006,P009,160.0,138,116,22,0
2026-02,E0443,C003,P022,160.0,166,150,16,6
2026-02,E0066,C003,P026,160.0,130,117,13,0
2026-02,E0345,C005,P015,160.0,140,122,18,0
2026-02,E0451,C008,P001,160.0,152,119,33,0
2026-02,E0498,C010,P013,160.0,157,138,19,0
2026-02,E0355,C006,P017,160.0,100,130,-30,3
2026-02,E0224,C006,P006,160.0,149,140,9,0
2026-02,E0197,C002,P011,160.0,112,104,8,0
2026-02,E0393,C001,P030,160.0,154,137,17,0
2026-02,E0242,C002,P030,160.0,128,91,37,0
2026-02,E0125,C001,P013,160.0,175,152,23,15
2026-02,E0210,C012,P026,160.0,145,117,28,0
2026-02,E0460,C003,P013,160.0,151,111,40,0
2026-02,E0020,C010,P017,160.0,210,172,38,50
2026-02,E0168,C005,P033,160.0,163,137,26,3
2026-02,E0334,C010,P031,160.0,154,135,19,0
2026-02,E0173,C008,P010,160.0,141,92,49,0
2026-02,E0341,C005,P015,160.0,114,82,32,0
2026-02,E0429,C012,P026,160.0,139,123,16,0
2026-02,E0477,C002,P019,160.0,123,87,36,0
2026-02,E0162,C011,P022,160.0,186,155,31,26
2026-02,E0069,C012,P035,160.0,154,108,46,0
2026-02,E0389,C008,P018,160.0,174,142,32,14
2026-02,E0322,C008,P002,160.0,129,84,45,0
2026-02,E0430,C011,P018,160.0,125,117,8,0
2026-02,E0105,C005,P027,160.0,161,122,39,1
2026-02,E0071,C001,P024,160.0,122,90,32,0
2026-02,E0102,C007,P029,160.0,134,122,12,0
2026-02,E0222,C008,P028,160.0,188,172,16,28
2026-02,E0380,C003,P034,160.0,135,111,24,0
2026-02,E0092,C006,P019,160.0,109,93,16,0
2026-02,E0011,C002,P029,160.0,100,65,35,0
2026-02,E0091,C008,P010,160.0,106,94,12,0
2026-02,E0209,C006,P030,160.0,176,119,57,16
2026-02,E0237,C008,P018,160.0,131,110,21,0
2026-02,E0472,C012,P014,160.0,208,139,69,48
2026-02,E0432,C011,P034,160.0,183,149,34,23
2026-02,E0244,C010,P030,160.0,195,162,33,35
2026-02,E0467,C011,P002,160.0,170,124,46,10
2026-03,E0314,C010,P003,160.0,159,142,17,0
2026-03,E0072,C002,P014,160.0,124,82,42,0
2026-03,E0057,C004,P006,160.0,144,108,36,0
2026-03,E0119,C004,P034,160.0,162,143,19,2
2026-03,E0479,C001,P004,160.0,168,135,33,8
2026-03,E0498,C010,P013,160.0,116,86,30,0
2026-03,E0270,C008,P033,160.0,140,109,31,0
2026-03,E0292,C008,P007,160.0,142,117,25,0
2026-03,E0133,C012,P031,160.0,141,122,19,0
2026-03,E0273,C005,P024,160.0,119,100,19,0
2026-03,E0221,C004,P012,160.0,191,169,22,31
2026-03,E0047,C002,P010,160.0,139,125,14,0
2026-03,E0215,C010,P012,160.0,121,92,29,0
2026-03,E0228,C001,P006,160.0,192,135,57,32
2026-03,E0405,C001,P032,160.0,183,138,45,23
2026-03,E0326,C005,P011,160.0,148,109,39,0
2026-03,E0146,C003,P020,160.0,100,93,7,0
2026-03,E0464,C003,P013,160.0,133,121,12,0
2026-03,E0320,C004,P032,160.0,105,94,11,0
2026-03,E0077,C012,P005,160.0,157,123,34,0
2026-03,E0187,C006,P020,160.0,131,104,27,0
2026-03,E0305,C001,P027,160.0,144,112,32,0
2026-03,E0024,C007,P031,160.0,189,164,25,29
2026-03,E0367,C006,P019,160.0,129,107,22,0
2026-03,E0102,C007,P029,160.0,156,107,49,0
2026-03,E0316,C005,P006,160.0,164,153,11,4
2026-03,E0095,C005,P002,160.0,175,117,58,15
2026-03,E0427,C004,P029,160.0,142,103,39,0
2026-03,E0147,C009,P032,160.0,139,100,39,0
2026-03,E0216,C008,P009,160.0,139,101,38,0
2026-03,E0379,C006,P014,160.0,154,135,19,0
2026-03,E0020,C010,P017,160.0,182,121,61,22
2026-03,E0402,C008,P015,160.0,138,109,29,0
2026-03,E0257,C006,P029,160.0,84,63,21,0
2026-03,E0044,C002,P020,160.0,167,153,14,7
2026-03,E0244,C010,P030,160.0,146,135,11,0
2026-03,E0291,C002,P021,160.0,157,104,53,0
2026-03,E0319,C005,P025,160.0,105,91,14,0
2026-03,E0475,C012,P009,160.0,131,123,8,0
2026-03,E0037,C009,P009,160.0,164,116,48,4
2026-03,E0476,C010,P014,160.0,113,92,21,0
2026-03,E0012,C011,P008,160.0,156,129,27,0
2026-03,E0286,C002,P004,160.0,144,108,36,0
2026-03,E0182,C011,P034,160.0,126,114,12,0
2026-03,E0172,C009,P028,160.0,124,101,23,0
2026-03,E0115,C003,P035,160.0,119,108,11,0
2026-03,E0056,C005,P011,160.0,146,126,20,0
2026-03,E0093,C011,P010,160.0,149,121,28,0
2026-03,E0049,C005,P022,160.0,135,91,44,0
2026-03,E0184,C005,P029,160.0,118,82,36,0
2026-03,E0275,C999,P024,160.0,71,66,5,0
2026-03,E0055,C006,P009,160.0,155,122,33,0
2026-03,E0201,C010,P015,160.0,167,129,38,7
2026-03,E0304,C003,P032,160.0,160,106,54,0
2026-03,E0284,C005,P034,160.0,196,157,39,36
2026-03,E0349,C008,P024,160.0,140,93,47,0
2026-03,E0452,C011,P010,160.0,179,158,21,19
2026-03,E0175,C005,P019,160.0,128,89,39,0
2026-03,E0122,C003,P020,160.0,125,93,32,0
2026-03,E0451,C008,P001,160.0,148,105,43,0
2026-03,E0062,C002,P029,160.0,185,168,17,25
2026-03,E0289,C010,P035,160.0,137,129,8,0
2026-03,E0494,C012,P032,160.0,105,92,13,0
2026-03,E0434,C004,P024,160.0,167,135,32,7
2026-03,E0107,C005,P020,160.0,143,114,29,0
2026-03,E0131,C002,P001,160.0,152,136,16,0
2026-03,E0231,C006,P004,160.0,126,96,30,0
2026-03,E0432,C011,P034,160.0,147,108,39,0
2026-03,E0323,C005,P007,160.0,109,96,13,0
2026-03,E0474,C007,P019,160.0,191,169,22,31
2026-03,E0358,C001,P003,160.0,172,132,40,12
2026-03,E0105,C005,P027,160.0,146,101,45,0
2026-03,E0294,C002,P024,160.0,166,142,24,6
2026-03,E0237,C008,P018,160.0,128,116,12,0
2026-03,E0381,C002,P010,160.0,170,156,14,10
2026-03,E0264,C001,P005,160.0,136,95,41,0
2026-03,E0006,C001,P007,160.0,134,123,11,0
2026-03,E0375,C005,P029,160.0,121,94,27,0
2026-03,E0397,C009,P013,160.0,155,129,26,0
2026-03,E0419,C003,P007,160.0,145,136,9,0
2026-03,E0053,C004,P030,160.0,180,139,41,20
2026-03,E0388,C012,P024,160.0,118,107,11,0
2026-03,E0466,C004,P016,160.0,155,120,35,0
2026-03,E0218,C005,P024,160.0,174,150,24,14
2026-03,E0481,C006,P022,160.0,209,191,18,49
2026-03,E0008,C005,P026,160.0,149,105,44,0
2026-03,E0098,C011,P006,160.0,136,123,13,0
2026-03,E0307,C002,P027,160.0,149,128,21,0
2026-03,E0096,C006,P004,160.0,177,131,46,17
2026-03,E0334,C010,P031,160.0,177,139,38,17
2026-03,E0394,C007,P027,160.0,142,107,35,0
2026-03,E0473,C003,P032,160.0,177,132,45,17
2026-03,E0276,C009,P005,160.0,144,101,43,0
2026-03,E0177,C005,P030,160.0,166,112,54,6
2026-03,E0347,C001,P028,160.0,158,114,44,0
2026-03,E0002,C001,P011,160.0,135,105,30,0
2026-03,E0303,C010,P027,160.0,121,105,16,0
2026-03,E0085,C001,P010,160.0,175,132,43,15
2026-03,E0461,C012,P024,160.0,183,165,18,23
2026-03,E0065,C012,P030,160.0,155,130,25,0
2026-03,E0023,C008,P028,160.0,144,99,45,0
2026-03,E0149,C009,P002,160.0,115,98,17,0
2026-03,E0124,C012,P008,160.0,174,116,58,14
2026-03,E0285,C010,P017,160.0,152,109,43,0
2026-03,E0469,C003,P001,160.0,138,124,14,0
2026-03,E0110,C007,P017,160.0,166,142,24,6
2026-03,E0256,C010,P021,160.0,111,89,22,0
2026-03,E0148,C008,P033,160.0,119,78,41,0
2026-03,E0418,C007,P016,160.0,128,94,34,0
2026-03,E0143,C005,P010,160.0,157,143,14,0
2026-03,E0125,C001,P013,160.0,149,131,18,0
2026-03,E0393,C001,P030,160.0,160,116,44,0
2026-03,E0250,C008,P028,160.0,172,158,14,12
2026-03,E0246,C011,P007,160.0,161,110,51,1
2026-03,E0009,C004,P034,160.0,192,150,42,32
2026-03,E0205,C008,P032,160.0,172,140,32,12
2026-03,E0208,C003,P002,160.0,141,107,34,0
2026-03,E0336,C011,P005,160.0,131,114,17,0
2026-03,E0084,C003,P020,160.0,142,131,11,0
2026-03,E0389,C008,P018,160.0,162,119,43,2
2026-03,E0306,C011,P030,160.0,134,123,11,0
2026-03,E0280,C005,P034,160.0,163,106,57,3
2026-03,E0278,C003,P004,160.0,160,150,10,0
2026-03,E0234,C005,P010,160.0,121,108,13,0
2026-03,E0343,C007,P008,160.0,172,126,46,12
2026-03,E0288,C012,P001,160.0,154,104,50,0
2026-03,E0224,C006,P006,160.0,190,137,53,30
2026-03,E0384,C004,P004,160.0,144,106,38,0
2026-03,E0444,C008,P005,160.0,137,113,24,0
2026-03,E0391,C010,P011,160.0,118,103,15,0
2026-03,E0445,C008,P025,160.0,118,78,40,0
2026-03,E0252,C004,P013,160.0,168,154,14,8
2026-03,E0059,C004,P016,160.0,187,131,56,27
2026-03,E0185,C008,P035,160.0,142,126,16,0
2026-03,E0423,C004,P033,160.0,140,92,48,0
2026-03,E0435,C001,P022,160.0,146,97,49,0
2026-03,E0447,C005,P013,160.0,174,156,18,14
2026-03,E0373,C012,P025,160.0,121,82,39,0
2026-03,E0361,C010,P001,160.0,150,138,12,0
2026-03,E0440,C004,P005,160.0,169,154,15,9
2026-03,E0448,C001,P034,160.0,157,128,29,0
2026-03,E0484,C001,P008,160.0,77,57,20,0
2026-03,E0229,C010,P001,160.0,161,125,36,1
2026-03,E0227,C002,P026,160.0,157,144,13,0
2026-03,E0327,C005,P017,160.0,179,140,39,19
2026-03,E0403,C007,P014,160.0,185,153,32,25
2026-03,E0324,C008,P006,160.0,177,152,25,17
2026-03,E0232,C007,P006,160.0,146,99,47,0
2026-03,E0209,C006,P030,160.0,104,79,25,0
2026-03,E0309,C002,P011,160.0,199,186,13,39
2026-03,E0433,C008,P004,160.0,140,116,24,0
2026-03,E0335,C009,P032,160.0,146,122,24,0
2026-03,E0033,C009,P030,160.0,187,125,62,27
2026-03,E0028,C012,P023,160.0,126,99,27,0
2026-03,E0274,C007,P027,160.0,111,73,38,0
2026-03,E0417,C011,P030,160.0,134,126,8,0
2026-03,E0034,C008,P003,160.0,127,95,32,0
2026-03,E0410,C001,P032,160.0,109,90,19,0
2026-03,E0219,C010,P017,160.0,142,104,38,0
2026-03,E0005,C005,P029,160.0,147,95,52,0
2026-03,E0352,C012,P015,160.0,108,70,38,0
2026-03,E0376,C004,P019,160.0,137,122,15,0
2026-03,E0170,C011,P012,160.0,126,103,23,0
2026-03,E0348,C007,P027,160.0,98,91,7,0
2026-03,E0254,C012,P019,160.0,147,113,34,0
2026-03,E0210,C012,P026,160.0,150,102,48,0
2026-03,E0183,C007,P016,160.0,126,94,32,0
2026-03,E0350,C001,P018,160.0,171,136,35,11
2026-03,E0318,C007,P007,160.0,145,124,21,0
2026-03,E0152,C002,P032,160.0,127,98,29,0
2026-03,E0171,C008,P014,160.0,107,82,25,0
2026-03,E0197,C002,P011,160.0,151,125,26,0
2026-03,E0471,C011,P025,160.0,157,116,41,0
2026-03,E0355,C006,P017,160.0,132,96,36,0
2026-03,E0223,C009,P032,160.0,148,98,50,0
2026-03,E0396,C006,P006,160.0,185,126,59,25
2026-03,E0362,C010,P007,160.0,167,127,40,7
2026-03,E0071,C001,P024,160.0,91,62,29,0
2026-03,E0074,C009,P028,160.0,127,98,29,0
2026-03,E0155,C006,P025,160.0,141,95,46,0
2026-03,E0332,C008,P018,160.0,146,110,36,0
2026-03,E0477,C002,P019,160.0,149,127,22,0
2026-03,E0040,C001,P009,160.0,156,118,38,0
2026-03,E0066,C003,P026,160.0,142,119,23,0
2026-03,E0161,C008,P007,160.0,145,133,12,0
2026-03,E0456,C009,P028,160.0,168,145,23,8
2026-03,E0114,C002,P033,160.0,152,104,48,0
2026-03,E0158,C006,P011,160.0,116,75,41,0
2026-03,E0296,C012,P032,160.0,147,114,33,0
2026-03,E0395,C001,P012,160.0,141,116,25,0
2026-03,E0341,C005,P015,160.0,97,64,33,0
2026-03,E0414,C012,P030,160.0,148,111,37,0
2026-03,E0459,C009,P031,160.0,119,103,16,0
2026-03,E0380,C003,P034,160.0,169,144,25,9
2026-03,E0123,C004,P020,160.0,155,120,35,0
2026-03,E0437,C006,P013,160.0,115,85,30,0
2026-03,E0446,C001,P015,160.0,167,148,19,7
2026-03,E0467,C011,P002,160.0,179,160,19,19
2026-03,E0089,C001,P021,160.0,138,125,13,0
2026-03,E0322,C008,P002,160.0,141,105,36,0
2026-03,E0088,C003,P029,160.0,165,136,29,5
2026-03,E0100,C007,P024,160.0,177,152,25,17
2026-03,E0142,C007,P023,160.0,103,88,15,0
2026-03,E0225,C009,P018,160.0,117,91,26,0
2026-03,E0082,C009,P022,160.0,134,92,42,0
2026-03,E0293,C002,P004,160.0,137,95,42,0
2026-03,E0238,C010,P012,160.0,164,107,57,4
2026-03,E0281,C011,P014,160.0,177,133,44,17
2026-03,E0004,C008,P017,160.0,179,120,59,19
2026-03,E0007,C010,P018,160.0,102,87,15,0
2026-03,E0398,C005,P018,160.0,124,103,21,0
2026-03,E0251,C012,P029,160.0,114,107,7,0
2026-03,E0429,C012,P026,160.0,130,102,28,0
2026-03,E0202,C010,P015,160.0,124,98,26,0
2026-03,E0104,C009,P022,160.0,155,102,53,0
2026-03,E0369,C012,P030,160.0,158,120,38,0
2026-03,E0496,C012,P025,160.0,145,95,50,0
2026-03,E0191,C004,P011,160.0,142,99,43,0
2026-03,E0370,C006,P020,160.0,135,88,47,0
2026-03,E0458,C005,P025,160.0,138,101,37,0
2026-03,E0472,C002,P007,160.0,184,169,15,24
2026-03,E0129,C002,P010,160.0,162,134,28,2
2026-03,E0478,C001,P016,160.0,136,122,14,0
2026-03,E0297,C009,P009,160.0,142,108,34,0
2026-03,E0463,C002,P027,160.0,156,117,39,0
2026-03,E0015,C007,P021,160.0,115,93,22,0
2026-03,E0194,C012,P021,160.0,148,120,28,0
2026-03,E0430,C011,P018,160.0,160,125,35,0
2026-03,E0045,C002,P034,160.0,157,116,41,0
2026-03,E0127,C002,P020,160.0,125,83,42,0
2026-03,E0058,C010,P031,160.0,129,97,32,0
2026-03,E0135,C006,P019,160.0,95,78,17,0
2026-03,E0345,C005,P015,160.0,163,112,51,3
2026-03,E0411,C005,P014,160.0,196,156,40,36
2026-03,E0054,C012,P013,160.0,122,94,28,0
2026-03,E0453,C009,P006,160.0,172,143,29,12
2026-03,E0080,C001,P019,160.0,193,137,56,33
2026-03,E0340,C012,P023,160.0,133,105,28,0
2026-03,E0207,C004,P014,160.0,142,115,27,0
2026-03,E0248,C002,P002,160.0,151,122,29,0
2026-03,E0042,C011,P019,160.0,156,142,14,0
2026-03,E0213,C010,P003,160.0,152,104,48,0
2026-03,E0087,C012,P010,160.0,135,119,16,0
2026-03,E0272,C004,P031,160.0,160,149,11,0
2026-03,E0199,C003,P017,160.0,135,93,42,0
2026-03,E0413,C007,P031,160.0,154,122,32,0
2026-03,E0068,C006,P034,160.0,144,130,14,0
2026-03,E0029,C012,P013,160.0,-8,73,27,0
2026-03,E0181,C003,P016,160.0,176,125,51,16
2026-03,E0424,C011,P030,160.0,130,104,26,0
2026-03,E0198,C003,P027,160.0,179,142,37,19
2026-03,E0003,C012,P035,160.0,171,161,10,11
2026-03,E0415,C002,P026,160.0,150,115,35,0
2026-03,E0360,C007,P026,160.0,158,129,29,0
2026-03,E0025,C007,P004,160.0,161,150,11,1
2026-03,E0490,C011,P035,160.0,140,126,14,0
2026-03,E0178,C004,P011,160.0,141,110,31,0
2026-03,E0482,C007,P025,160.0,159,133,26,0
2026-03,E0168,C005,P033,160.0,71,65,6,0
2026-03,E0338,C007,P012,160.0,144,123,21,0
2026-03,E0330,C012,P018,160.0,135,117,18,0
2026-03,E0103,C012,P027,160.0,125,92,33,0
2026-03,E0206,C999,P019,160.0,155,117,38,0
2026-03,E0333,C010,P022,160.0,129,92,37,0
2026-03,E0179,C001,P004,160.0,166,155,11,6
2026-03,E0189,C006,P008,160.0,168,124,44,8
2026-03,E0106,C005,P020,160.0,157,102,55,0
2026-03,E0153,C009,P004,160.0,163,142,21,3
2026-03,E0038,C003,P022,160.0,157,108,49,0
2026-03,E0052,C004,P007,160.0,165,139,26,5
2026-03,E0030,C008,P025,160.0,163,143,20,3
2026-03,E0356,C001,P022,160.0,153,103,50,0
2026-03,E0277,C007,P004,160.0,171,136,35,11
2026-03,E0409,C011,P020,160.0,140,108,32,0
2026-03,E0495,C010,P005,160.0,126,84,42,0
2026-03,E0164,C004,P019,160.0,125,111,14,0
2026-03,E0339,C008,P001,160.0,137,127,10,0
2026-03,E0188,C001,P016,160.0,97,65,32,0
2026-03,E0063,C012,P027,160.0,150,120,30,0
2026-03,E0126,C010,P004,160.0,161,107,54,1
2026-03,E0412,C007,P011,160.0,168,112,56,8
2026-03,E0420,C011,P035,160.0,104,74,30,0
2026-03,E0371,C008,P015,160.0,125,91,34,0
2026-03,E0439,C001,P026,160.0,165,123,42,5
2026-03,E0011,C002,P029,160.0,140,111,29,0
2026-03,E0374,C001,P005,160.0,160,150,10,0
2026-03,E0166,C002,P022,160.0,114,94,20,0
2026-03,E0176,C004,P026,160.0,179,122,57,19
2026-03,E0167,C008,P028,160.0,112,102,10,0
2026-03,E0344,C004,P012,160.0,69,56,13,0
2026-03,E0454,C004,P016,160.0,149,124,25,0
2026-03,E0018,C010,P026,160.0,150,108,42,0
2026-03,E0169,C004,P027,160.0,132,114,18,0
2026-03,E0097,C005,P013,160.0,156,127,29,0
2026-03,E0019,C004,P007,160.0,157,126,31,0
2026-03,E0428,C003,P002,160.0,154,112,42,0
2026-03,E0214,C005,P026,160.0,132,105,27,0
2026-03,E0050,C009,P012,160.0,127,106,21,0
2026-03,E0136,C007,P019,160.0,134,89,45,0
2026-03,E0265,C009,P015,160.0,124,80,44,0
2026-03,E0449,C012,P022,160.0,173,138,35,13
2026-03,E0010,C011,P001,160.0,136,122,14,0
2026-03,E0431,C012,P003,160.0,148,96,52,0
2026-03,E0061,C009,P003,160.0,165,122,43,5
2026-03,E0295,C009,P026,160.0,123,83,40,0
2026-03,E0267,C012,P004,160.0,111,100,11,0
2026-03,E0014,C011,P005,160.0,124,92,32,0
2026-03,E0083,C008,P034,160.0,151,117,34,0
2026-03,E0190,C001,P026,160.0,149,137,12,0
2026-03,E0328,C004,P033,160.0,154,104,50,0
2026-03,E0262,C005,P016,160.0,142,121,21,0
2026-03,E0392,C002,P019,160.0,84,70,14,0
2026-03,E0226,C009,P012,160.0,141,121,20,0
2026-03,E0260,C012,P025,160.0,169,158,11,9
2026-03,E0069,C012,P035,160.0,175,153,22,15
2026-03,E0364,C004,P009,160.0,147,108,39,0
2026-03,E0438,C007,P008,160.0,149,101,48,0
2026-03,E0368,C004,P005,160.0,160,106,54,0
2026-03,E0173,C008,P010,160.0,175,132,43,15
2026-03,E0222,C008,P028,160.0,145,113,32,0
2026-03,E0154,C010,P023,160.0,160,125,35,0
2026-03,E0315,C002,P007,160.0,131,99,32,0
2026-03,E0242,C002,P003,160.0,114,75,39,0
2026-03,E0450,C004,P015,160.0,133,119,14,0
2026-03,E0443,C003,P022,160.0,181,163,18,21
2026-03,E0112,C010,P004,160.0,160,126,34,0
2026-04,E0107,C005,P020,160.0,116,106,10,0
2026-04,E0450,C004,P015,160.0,161,134,27,1
2026-04,E0207,C004,P014,160.0,118,87,31,0
2026-04,E0380,C003,P034,160.0,154,134,20,0
2026-04,E0427,C004,P029,160.0,122,90,32,0
2026-04,E0067,C011,P001,160.0,115,99,16,0
2026-04,E0096,C006,P004,160.0,186,132,54,26
2026-04,E0306,C011,P030,160.0,136,103,33,0
2026-04,E0069,C012,P035,160.0,160,106,54,0
2026-04,E0484,C001,P008,160.0,146,106,40,0
2026-04,E0072,C002,P014,160.0,119,107,12,0
2026-04,E0164,C004,P019,160.0,139,110,29,0
2026-04,E0009,C004,P034,160.0,120,92,28,0
2026-04,E0305,C001,P027,160.0,205,133,72,45
2026-04,E0123,C004,P020,160.0,164,129,35,4
2026-04,E0178,C004,P011,160.0,145,123,22,0
2026-04,E0018,C010,P026,160.0,158,117,41,0
2026-04,E0315,C002,P007,160.0,162,130,32,2
2026-04,E0434,C004,P024,160.0,162,152,10,2
2026-04,E0349,C008,P024,160.0,161,110,51,1
2026-04,E0300,C010,P027,160.0,159,116,43,0
2026-04,E0232,C007,P006,160.0,147,110,37,0
2026-04,E0177,C005,P030,160.0,183,139,44,23
2026-04,E0080,C001,P019,160.0,149,134,15,0
2026-04,E0364,C004,P009,160.0,146,95,51,0
2026-04,E0056,C008,P030,160.0,149,131,18,0
2026-04,E0234,C005,P010,160.0,151,118,33,0
2026-04,E0286,C002,P004,160.0,104,69,35,0
2026-04,E0146,C003,P020,160.0,124,89,35,0
2026-04,E0098,C011,P006,160.0,142,124,18,0
2026-04,E0264,C001,P005,160.0,103,81,22,0
2026-04,E0332,C008,P018,160.0,145,136,9,0
2026-04,E0466,C004,P016,160.0,150,100,50,0
2026-04,E0335,C009,P032,160.0,113,80,33,0
2026-04,E0222,C008,P028,160.0,129,89,40,0
2026-04,E0037,C009,P009,160.0,177,145,32,17
2026-04,E0292,C008,P007,160.0,158,109,49,0
2026-04,E0182,C011,P034,160.0,157,120,37,0
2026-04,E0247,C011,P032,160.0,173,147,26,13
2026-04,E0065,C012,P030,160.0,124,114,10,0
2026-04,E0033,C009,P030,160.0,113,83,30,0
2026-04,E0428,C003,P002,160.0,169,145,24,9
2026-04,E0255,C010,P032,160.0,143,95,48,0
2026-04,E0281,C999,P014,160.0,124,85,39,0
2026-04,E0127,C002,P020,160.0,197,184,13,37
2026-04,E0198,C003,P027,160.0,104,83,21,0
2026-04,E0124,C012,P008,160.0,149,127,22,0
2026-04,E0268,C002,P007,160.0,140,124,16,0
2026-04,E0115,C003,P035,160.0,136,107,29,0
2026-04,E0392,C002,P019,160.0,89,59,30,0
2026-04,E0184,C005,P029,160.0,183,128,55,23
2026-04,E0474,C007,P019,160.0,109,72,37,0
2026-04,E0402,C006,P006,160.0,138,124,14,0
2026-04,E0326,C005,P011,160.0,134,125,9,0
2026-04,E0340,C012,P023,160.0,159,112,47,0
2026-04,E0287,C002,P004,160.0,105,82,23,0
2026-04,E0071,C001,P024,160.0,156,129,27,0
2026-04,E0451,C008,P001,160.0,149,140,9,0
2026-04,E0426,C011,P030,160.0,128,90,38,0
2026-04,E0169,C004,P027,160.0,155,135,20,0
2026-04,E0485,C006,P029,160.0,145,101,44,0
2026-04,E0150,C007,P029,160.0,190,137,53,30
2026-04,E0074,C009,P028,160.0,140,117,23,0
2026-04,E0456,C009,P028,160.0,121,99,22,0
2026-04,E0023,C008,P028,160.0,156,137,19,0
2026-04,E0379,C006,P014,160.0,137,89,48,0
2026-04,E0478,C001,P016,160.0,144,109,35,0
2026-04,E0162,C011,P022,160.0,113,84,29,0
2026-04,E0046,C009,P015,160.0,160,144,16,0
2026-04,E0350,C001,P018,160.0,133,103,30,0
2026-04,E0066,C003,P026,160.0,151,99,52,0
2026-04,E0439,C001,P026,160.0,197,135,62,37
2026-04,E0153,C009,P004,160.0,-8,101,37,0
2026-04,E0411,C005,P014,160.0,163,154,9,3
2026-04,E0270,C008,P033,160.0,140,92,48,0
2026-04,E0261,C010,P014,160.0,128,98,30,0
2026-04,E0262,C005,P016,160.0,178,155,23,18
2026-04,E0416,C008,P030,160.0,98,86,12,0
2026-04,E0494,C012,P032,160.0,170,123,47,10
2026-04,E0179,C001,P004,160.0,95,80,15,0
2026-04,E0327,C005,P017,160.0,167,120,47,7
2026-04,E0112,C010,P004,160.0,145,103,42,0
2026-04,E0136,C007,P019,160.0,121,80,41,0
2026-04,E0229,C010,P001,160.0,134,125,9,0
2026-04,E0191,C004,P011,160.0,162,133,29,2
2026-04,E0393,C001,P030,160.0,194,156,38,34
2026-04,E0395,C001,P012,160.0,105,92,13,0
2026-04,E0002,C001,P011,160.0,122,112,10,0
2026-04,E0062,C002,P029,160.0,111,103,8,0
2026-04,E0122,C003,P020,160.0,140,123,17,0
2026-04,E0461,C012,P024,160.0,168,133,35,8
2026-04,E0316,C005,P006,160.0,108,89,19,0
2026-04,E0206,C999,P019,160.0,144,101,43,0
2026-04,E0419,C003,P007,160.0,167,118,49,7
2026-04,E0398,C005,P018,160.0,134,89,45,0
2026-04,E0213,C010,P003,160.0,79,70,9,0
2026-04,E0048,C011,P003,160.0,149,134,15,0
2026-04,E0110,C007,P017,160.0,175,154,21,15
2026-04,E0479,C001,P004,160.0,118,99,19,0
2026-04,E0458,C005,P025,160.0,100,77,23,0
2026-04,E0303,C010,P027,160.0,152,100,52,0
2026-04,E0093,C011,P010,160.0,153,99,54,0
2026-04,E0007,C010,P018,160.0,132,102,30,0
2026-04,E0314,C007,P002,160.0,128,120,8,0
2026-04,E0285,C010,P017,160.0,145,104,41,0
2026-04,E0223,C009,P032,160.0,117,84,33,0
2026-04,E0011,C002,P029,160.0,117,76,41,0
2026-04,E0443,C003,P022,160.0,161,140,21,1
2026-04,E0471,C011,P025,160.0,116,104,12,0
2026-04,E0052,C004,P007,160.0,101,75,26,0
2026-04,E0382,C006,P021,160.0,128,110,18,0
2026-04,E0005,C005,P029,160.0,133,101,32,0
2026-04,E0472,C012,P014,160.0,156,143,13,0
2026-04,E0372,C010,P014,160.0,130,107,23,0
2026-04,E0001,C007,P016,160.0,180,152,28,20
2026-04,E0323,C005,P007,160.0,147,126,21,0
2026-04,E0168,C005,P033,160.0,124,86,38,0
2026-04,E0313,C004,P029,160.0,155,145,10,0
2026-04,E0498,C010,P013,160.0,180,119,61,20
2026-04,E0029,C012,P013,160.0,161,118,43,1
2026-04,E0482,C007,P025,160.0,107,92,15,0
2026-04,E0194,C012,P021,160.0,135,108,27,0
2026-04,E0154,C010,P023,160.0,151,121,30,0
2026-04,E0345,C005,P015,160.0,160,143,17,0
2026-04,E0389,C008,P018,160.0,140,120,20,0
2026-04,E0423,C004,P033,160.0,136,125,11,0
2026-04,E0490,C011,P035,160.0,189,162,27,29
2026-04,E0391,C004,P026,160.0,161,117,44,1
2026-04,E0409,C009,P025,160.0,155,138,17,0
2026-04,E0205,C008,P032,160.0,131,98,33,0
2026-04,E0370,C006,P020,160.0,117,110,7,0
2026-04,E0473,C003,P032,160.0,155,134,21,0
2026-04,E0324,C008,P006,160.0,164,134,30,4
2026-04,E0231,C006,P004,160.0,144,110,34,0
2026-04,E0173,C008,P010,160.0,161,112,49,1
2026-04,E0322,C008,P002,160.0,162,123,39,2
2026-04,E0171,C008,P014,160.0,166,109,57,6
2026-04,E0121,C006,P009,160.0,107,92,15,0
2026-04,E0155,C003,P024,160.0,136,121,15,0
2026-04,E0004,C008,P017,160.0,157,104,53,0
2026-04,E0275,C999,P024,160.0,146,117,29,0
2026-04,E0368,C004,P005,160.0,162,114,48,2
2026-04,E0464,C003,P013,160.0,155,137,18,0
2026-04,E0467,C011,P002,160.0,91,62,29,0
2026-04,E0341,C005,P015,160.0,172,156,16,12
2026-04,E0296,C012,P032,160.0,133,98,35,0
2026-04,E0174,C007,P027,160.0,123,112,11,0
2026-04,E0259,C011,P022,160.0,171,123,48,11
2026-04,E0221,C004,P012,160.0,160,133,27,0
2026-04,E0371,C008,P015,160.0,175,161,14,15
2026-04,E0433,C008,P004,160.0,151,98,53,0
2026-04,E0299,C012,P011,160.0,135,109,26,0
2026-04,E0280,C005,P034,160.0,148,108,40,0
2026-04,E0200,C002,P027,160.0,119,99,20,0
2026-04,E0487,C012,P006,160.0,111,83,28,0
2026-04,E0038,C003,P022,160.0,129,86,43,0
2026-04,E0090,C003,P035,160.0,183,161,22,23
2026-04,E0227,C002,P022,160.0,131,112,19,0
2026-04,E0318,C007,P007,160.0,102,76,26,0
2026-04,E0242,C002,P030,160.0,141,131,10,0
2026-04,E0215,C010,P012,160.0,131,110,21,0
2026-04,E0006,C001,P007,160.0,172,122,50,12
2026-04,E0050,C009,P012,160.0,181,140,41,21
2026-04,E0437,C006,P013,160.0,134,98,36,0
2026-04,E0360,C007,P026,160.0,151,110,41,0
2026-04,E0352,C012,P015,160.0,153,102,51,0
2026-04,E0220,C006,P032,160.0,143,115,28,0
2026-04,E0049,C005,P022,160.0,139,121,18,0
2026-04,E0116,C005,P018,160.0,121,104,17,0
2026-04,E0429,C012,P026,160.0,98,75,23,0
2026-04,E0008,C005,P026,160.0,121,88,33,0
2026-04,E0082,C009,P022,160.0,142,103,39,0
2026-04,E0394,C007,P027,160.0,108,79,29,0
2026-04,E0453,C009,P006,160.0,150,124,26,0
2026-04,E0230,C006,P009,160.0,146,98,48,0
2026-04,E0148,C008,P033,160.0,131,108,23,0
2026-04,E0119,C004,P034,160.0,138,115,23,0
2026-04,E0492,C003,P021,160.0,112,73,39,0
2026-04,E0248,C002,P002,160.0,165,155,10,5
2026-04,E0028,C012,P023,160.0,165,142,23,5
2026-04,E0063,C012,P027,160.0,116,96,20,0
2026-04,E0445,C008,P025,160.0,116,96,20,0
2026-04,E0459,C009,P031,160.0,122,110,12,0
2026-04,E0091,C008,P010,160.0,158,112,46,0
2026-04,E0210,C012,P026,160.0,153,126,27,0
2026-04,E0225,C009,P018,160.0,171,132,39,11
2026-04,E0454,C005,P029,160.0,174,113,61,14
2026-04,E0414,C012,P030,160.0,106,83,23,0
2026-04,E0176,C004,P026,160.0,157,147,10,0
2026-04,E0057,C004,P006,160.0,173,122,51,13
2026-04,E0088,C003,P029,160.0,136,115,21,0
2026-04,E0267,C012,P004,160.0,144,97,47,0
2026-04,E0114,C002,P033,160.0,140,122,18,0
2026-04,E0500,C008,P021,160.0,141,102,39,0
2026-04,E0129,C002,P010,160.0,165,128,37,5
2026-04,E0446,C001,P015,160.0,188,158,30,28
2026-04,E0142,C007,P023,160.0,179,129,50,19
2026-04,E0412,C008,P004,160.0,132,93,39,0
2026-04,E0102,C007,P029,160.0,151,137,14,0
2026-04,E0339,C008,P001,160.0,125,91,34,0
2026-04,E0369,C012,P030,160.0,127,91,36,0
2026-04,E0348,C007,P027,160.0,143,124,19,0
2026-04,E0175,C005,P019,160.0,127,105,22,0
2026-04,E0333,C010,P022,160.0,130,121,9,0
2026-04,E0469,C003,P001,160.0,150,135,15,0
2026-04,E0384,C004,P004,160.0,157,145,12,0
2026-04,E0044,C002,P020,160.0,156,126,30,0
2026-04,E0448,C001,P034,160.0,157,137,20,0
2026-04,E0347,C001,P028,160.0,114,99,15,0
2026-04,E0189,C006,P008,160.0,125,95,30,0
2026-04,E0113,C011,P023,160.0,145,134,11,0
2026-04,E0094,C012,P031,160.0,171,124,47,11
2026-04,E0489,C005,P030,160.0,204,155,49,44
2026-04,E0003,C012,P035,160.0,152,134,18,0
2026-04,E0288,C012,P001,160.0,163,128,35,3
2026-04,E0304,C003,P032,160.0,111,95,16,0
2026-04,E0297,C009,P009,160.0,162,126,36,2
2026-04,E0158,C006,P011,160.0,194,180,14,34
2026-04,E0051,C002,P016,160.0,125,83,42,0
2026-04,E0246,C011,P007,160.0,131,102,29,0
2026-04,E0095,C005,P002,160.0,166,108,58,6
2026-04,E0209,C006,P030,160.0,145,96,49,0
2026-04,E0185,C008,P035,160.0,97,77,20,0
2026-04,E0054,C012,P013,160.0,132,111,21,0
2026-04,E0330,C012,P018,160.0,181,131,50,21
2026-04,E0166,C002,P022,160.0,138,92,46,0
2026-04,E0244,C010,P030,160.0,138,97,41,0
2026-04,E0020,C010,P017,160.0,164,146,18,4
2026-04,E0475,C012,P009,160.0,153,130,23,0
2026-04,E0435,C001,P022,160.0,136,101,35,0
2026-04,E0236,C006,P033,160.0,129,93,36,0
2026-04,E0277,C007,P004,160.0,218,165,53,58
2026-04,E0432,C011,P034,160.0,176,133,43,16
2026-04,E0374,C001,P005,160.0,157,116,41,0
2026-04,E0199,C003,P017,160.0,158,146,12,0
2026-04,E0238,C010,P012,160.0,141,106,35,0
2026-04,E0015,C007,P021,160.0,153,122,31,0
2026-04,E0167,C008,P028,160.0,139,113,26,0
2026-04,E0100,C007,P024,160.0,123,98,25,0
2026-04,E0440,C004,P005,160.0,154,131,23,0
2026-04,E0237,C008,P018,160.0,137,123,14,0
2026-04,E0356,C001,P022,160.0,155,121,34,0
2026-04,E0358,C001,P003,160.0,160,133,27,0
2026-04,E0014,C011,P005,160.0,156,109,47,0
2026-04,E0084,C003,P020,160.0,121,103,18,0
2026-04,E0495,C010,P005,160.0,134,93,41,0
2026-04,E0388,C012,P024,160.0,137,89,48,0
2026-04,E0496,C012,P025,160.0,169,135,34,9
2026-04,E0170,C011,P012,160.0,-8,116,51,7
2026-04,E0365,C008,P029,160.0,127,86,41,0
2026-04,E0276,C009,P005,160.0,113,80,33,0
2026-04,E0481,C006,P022,160.0,205,148,57,45
2026-04,E0291,C002,P021,160.0,155,103,52,0
2026-04,E0452,C011,P010,160.0,110,78,32,0
2026-04,E0449,C012,P022,160.0,130,121,9,0
2026-04,E0025,C007,P004,160.0,170,131,39,10
2026-04,E0376,C004,P019,160.0,197,153,44,37
2026-04,E0294,C002,P024,160.0,191,164,27,31
2026-04,E0438,C007,P008,160.0,154,108,46,0
2026-04,E0161,C008,P007,160.0,79,71,8,0
2026-04,E0197,C002,P011,160.0,145,121,24,0
2026-04,E0083,C008,P034,160.0,119,98,21,0
2026-04,E0126,C010,P004,160.0,-8,100,47,0
2026-04,E0465,C006,P033,160.0,122,104,18,0
2026-04,E0338,C007,P012,160.0,134,95,39,0
2026-04,E0307,C002,P027,160.0,166,118,48,6
2026-04,E0463,C002,P027,160.0,139,111,28,0
2026-04,E0295,C009,P026,160.0,137,121,16,0
2026-04,E0152,C002,P032,160.0,143,95,48,0
2026-04,E0418,C007,P016,160.0,210,176,34,50
2026-04,E0403,C007,P014,160.0,117,100,17,0
2026-04,E0224,C006,P006,160.0,152,136,16,0
2026-04,E0097,C005,P013,160.0,188,168,20,28
2026-04,E0415,C002,P026,160.0,143,107,36,0
2026-04,E0183,C007,P016,160.0,175,155,20,15
2026-04,E0187,C006,P020,160.0,112,101,11,0
2026-04,E0208,C003,P002,160.0,139,127,12,0
2026-04,E0111,C006,P033,160.0,124,95,29,0
2026-04,E0408,C010,P026,160.0,143,127,16,0
2026-04,E0219,C010,P017,160.0,143,95,48,0
2026-04,E0133,C012,P031,160.0,146,133,13,0
2026-04,E0021,C011,P001,160.0,166,156,10,6
2026-04,E0301,C001,P034,160.0,88,58,30,0
2026-04,E0455,C002,P024,160.0,129,98,31,0
2026-04,E0431,C012,P003,160.0,150,133,17,0
2026-04,E0045,C002,P034,160.0,98,70,28,0
2026-04,E0228,C001,P006,160.0,160,120,40,0
2026-04,E0068,C006,P034,160.0,129,98,31,0
2026-04,E0252,C004,P013,160.0,140,110,30,0
2026-04,E0319,C005,P025,160.0,167,144,23,7
2026-04,E0260,C012,P025,160.0,176,114,62,16
2026-04,E0160,C001,P021,160.0,161,128,33,1
2026-04,E0476,C005,P027,160.0,116,75,41,0
2026-04,E0447,C005,P013,160.0,159,129,30,0
2026-04,E0217,C003,P017,160.0,161,107,54,1
2026-04,E0103,C012,P027,160.0,156,137,19,0
2026-04,E0077,C012,P005,160.0,181,158,23,21
2026-04,E0265,C009,P015,160.0,147,101,46,0
2026-04,E0417,C011,P030,160.0,180,153,27,20
2026-04,E0250,C008,P028,160.0,180,126,54,20
2026-04,E0383,C001,P013,160.0,162,114,48,2
2026-04,E0201,C010,P015,160.0,152,140,12,0
2026-04,E0135,C006,P019,160.0,156,136,20,0
2026-04,E0413,C007,P031,160.0,187,171,16,27
2026-04,E0336,C011,P005,160.0,171,140,31,11
2026-04,E0053,C004,P005,160.0,119,94,25,0
2026-04,E0190,C001,P026,160.0,154,133,21,0
2026-04,E0058,C010,P031,160.0,123,91,32,0
2026-04,E0328,C004,P033,160.0,128,92,36,0
2026-04,E0105,C005,P027,160.0,135,124,11,0
2026-04,E0488,C011,P007,160.0,109,87,22,0
2026-04,E0104,C009,P022,160.0,122,109,13,0
2026-04,E0420,C011,P035,160.0,182,154,28,22
2026-04,E0278,C003,P004,160.0,128,109,19,0
2026-04,E0308,C009,P003,160.0,166,121,45,6
2026-04,E0381,C002,P010,160.0,149,111,38,0
2026-04,E0092,C006,P019,160.0,158,115,43,0
2026-04,E0147,C009,P032,160.0,159,113,46,0
2026-04,E0218,C005,P024,160.0,121,100,21,0
2026-04,E0012,C004,P003,160.0,166,148,18,6
2026-04,E0143,C005,P010,160.0,114,100,14,0
2026.04,E0274,C007,P027,160.0,127,85,42,0
2026-04,E0337,C008,P008,160.0,159,136,23,0
2026-04,E0085,C001,P010,160.0,119,78,41,0
2026-04,E0061,C009,P003,160.0,95,69,26,0
2026-04,E0273,C005,P024,160.0,153,101,52,0
2026-04,E0226,C009,P012,160.0,105,89,16,0
2026-04,E0378,C005,P007,160.0,161,147,14,1
2026-04,E0172,C009,P028,160.0,137,102,35,0
2026-04,E0251,C012,P029,160.0,153,110,43,0
2026-04,E0256,C010,P021,160.0,152,125,27,0
2026-05,E0222,C008,P028,160.0,163,147,16,3
2026-05,E0276,C009,P005,160.0,160,151,9,0
2026-05,E0173,C008,P010,160.0,119,78,41,0
2026-05,E0131,C002,P001,160.0,138,104,34,0
2026-05,E0220,C006,P032,160.0,153,113,40,0
2026-05,E0492,C003,P021,160.0,180,152,28,20
2026-05,E0042,C011,P019,160.0,160,140,20,0
2026-05,E0092,C006,P019,160.0,178,117,61,18
2026-05,E0134,C003,P023,160.0,154,126,28,0
2026-05,E0358,C001,P003,160.0,172,144,28,12
2026-05,E0472,C002,P007,160.0,151,124,27,0
2026-05,E0217,C003,P017,160.0,171,161,10,11
2026-05,E0431,C012,P003,160.0,136,117,19,0
2026-05,E0044,C002,P020,160.0,184,141,43,24
2026-05,E0157,C010,P006,160.0,157,145,12,0
2026-05,E0322,C008,P002,160.0,110,102,8,0
2026-05,E0051,C007,P013,160.0,154,109,45,0
2026-05,E0368,C001,P028,160.0,92,87,5,0
2026-05,E0396,C006,P006,160.0,160,132,28,0
2026-05,E0454,C004,P016,160.0,167,111,56,7
2026-05,E0023,C008,P028,160.0,193,164,29,33
2026-05,E0226,C009,P012,160.0,132,100,32,0
2026-05,E0050,C009,P012,160.0,194,166,28,34
2026-05,E0274,C007,P027,160.0,145,122,23,0
2026-05,E0390,C011,P003,160.0,126,105,21,0
2026-05,E0397,C009,P013,160.0,132,109,23,0
2026-05,E0055,C006,P009,160.0,159,125,34,0
2026-05,E0361,C010,P001,160.0,123,104,19,0
2026-05,E0314,C007,P002,160.0,136,89,47,0
2026-05,E0087,C012,P010,160.0,153,135,18,0
2026-05,E0178,C004,P011,160.0,183,164,19,23
2026-05,E0027,C011,P013,160.0,166,147,19,6
2026-05,E0068,C006,P034,160.0,146,116,30,0
2026-05,E0473,C003,P032,160.0,158,121,37,0
2026-05,E0324,C008,P006,160.0,151,110,41,0
2026-05,E0330,C012,P018,160.0,116,107,9,0
2026-05,E0151,C008,P028,160.0,188,142,46,28
2026-05,E0424,C011,P030,160.0,184,122,62,24
2026-05,E0228,C001,P006,160.0,143,96,47,0
2026-05,E0283,C012,P009,160.0,133,110,23,0
2026-05,E0313,C004,P029,160.0,116,105,11,0
2026-05,E0202,C010,P015,160.0,160,146,14,0
2026-05,E0152,C002,P032,160.0,160,117,43,0
2026-05,E0011,C002,P029,160.0,124,110,14,0
2026-05,E0038,C003,P022,160.0,151,142,9,0
2026-05,E0015,C007,P021,160.0,165,130,35,5
2026-05,E0127,C002,P020,160.0,132,124,8,0
2026-05,E0348,C007,P027,160.0,140,125,15,0
2026-05,E0395,C001,P012,160.0,139,93,46,0
2026-05,E0250,C008,P028,160.0,126,89,37,0
2026-05,E0010,C011,P001,160.0,140,102,38,0
2026-05,E0466,C004,P016,160.0,106,72,34,0
2026-05,E0315,C002,P007,160.0,138,129,9,0
2026-05,E0034,C008,P003,160.0,138,121,17,0
2026-05,E0255,C010,P032,160.0,143,104,39,0
2026-05,E0248,C002,P002,160.0,156,138,18,0
2026-05,E0084,C003,P020,160.0,114,82,32,0
2026-05,E0452,C011,P010,160.0,118,81,37,0
2026-05,E0280,C005,P034,160.0,125,106,19,0
2026-05,E0360,C007,P026,160.0,112,74,38,0
2026-05,E0091,C008,P010,160.0,159,110,49,0
2026-05,E0077,C012,P005,160.0,131,98,33,0
2026-05,E0287,C002,P004,160.0,144,106,38,0
2026-05,E0080,C001,P019,160.0,123,100,23,0
2026-05,E0402,C006,P006,160.0,136,112,24,0
2026-05,E0241,C004,P034,160.0,152,121,31,0
2026-05,E0229,C010,P001,160.0,153,112,41,0
2026-05,E0126,C010,P004,160.0,119,94,25,0
2026-05,E0224,C006,P006,160.0,142,105,37,0
2026-05,E0286,C002,P004,160.0,124,111,13,0
2026-05,E0040,C001,P009,160.0,142,111,31,0
2026-05,E0158,C006,P011,160.0,129,111,18,0
2026-05,E0154,C010,P023,160.0,190,167,23,30
2026-05,E0061,C009,P003,160.0,165,149,16,5
2026-05,E0382,C006,P021,160.0,154,138,16,0
2026-05,E0006,C001,P007,160.0,96,90,6,0
2026-05,E0449,C012,P022,160.0,138,97,41,0
2026-05,E0272,C004,P031,160.0,166,132,34,6
2026-05,E0349,C008,P024,160.0,143,113,30,0
2026-05,E0370,C006,P020,160.0,187,168,19,27
2026-05,E0029,C012,P013,160.0,168,129,39,8
2026-05,E0008,C005,P026,160.0,135,101,34,0
2026-05,E0167,C008,P028,160.0,184,126,58,24
2026-05,E0416,C008,P030,160.0,138,97,41,0
2026-05,E0053,C004,P030,160.0,192,153,39,32
2026-05,E0468,C011,P010,160.0,185,156,29,25
2026-05,E0432,C011,P034,160.0,152,115,37,0
2026-05,E0426,C011,P030,160.0,107,90,17,0
2026-05,E0116,C005,P018,160.0,150,105,45,0
2026-05,E0185,C008,P035,160.0,117,85,32,0
2026-05,E0028,C012,P023,160.0,129,115,14,0
2026-05,E0208,C003,P002,160.0,131,96,35,0
2026-05,E0453,C009,P006,160.0,117,89,28,0
2026-05,E0164,C004,P019,160.0,150,133,17,0
2026-05,E0191,C004,P011,160.0,127,103,24,0
2026-05,E0464,C003,P013,160.0,139,125,14,0
2026-05,E0261,C010,P014,160.0,131,111,20,0
2026-05,E0465,C999,P004,160.0,157,112,45,0
2026-05,E0082,C009,P022,160.0,155,112,43,0
2026-05,E0475,C012,P009,160.0,137,99,38,0
2026-05,E0378,C005,P007,160.0,158,138,20,0
2026-05,E0168,C005,P033,160.0,175,121,54,15
2026-05,E0355,C006,P017,160.0,92,62,30,0
2026-05,E0135,C002,P021,160.0,130,103,27,0
2026-05,E0323,C005,P007,160.0,121,87,34,0
2026-05,E0231,C006,P004,160.0,128,118,10,0
2026-05,E0148,C008,P033,160.0,89,78,11,0
2026-05,E0291,C002,P021,160.0,91,63,28,0
2026-05,E0201,C010,P015,160.0,76,63,13,0
2026-05,E0238,C010,P012,160.0,132,125,7,0
2026-05,E0438,C007,P008,160.0,131,117,14,0
2026-05,E0383,C001,P013,160.0,179,125,54,19
2026-05,E0384,C004,P004,160.0,148,123,25,0
2026-05,E0341,C005,P015,160.0,91,84,7,0
2026-05,E0176,C004,P026,160.0,157,104,53,0
2026-05,E0211,C007,P017,160.0,243,160,83,83
2026-05,E0353,C004,P011,160.0,92,82,10,0
2026-05,E0328,C004,P033,160.0,188,131,57,28
2026-05,E0460,C003,P013,160.0,143,103,40,0
2026-05,E0037,C009,P009,160.0,134,89,45,0
2026-05,E0485,C006,P029,160.0,130,108,22,0
2026-05,E0270,C008,P033,160.0,153,112,41,0
2026-05,E0318,C007,P007,160.0,134,119,15,0
2026-05,E0184,C005,P029,160.0,116,89,27,0
2026-05,E0054,C012,P013,160.0,131,115,16,0
2026-05,E0488,C011,P007,160.0,153,110,43,0
2026-05,E0428,C003,P002,160.0,162,150,12,2
2026-05,E0338,C007,P012,160.0,191,146,45,31
2026-05,E0414,C012,P030,160.0,147,129,18,0
2026-05,E0204,C002,P024,160.0,177,127,50,17
2026-05,E0379,C006,P014,160.0,140,131,9,0
2026-05,E0244,C010,P030,160.0,143,121,22,0
2026-05,E0093,C011,P010,160.0,142,118,24,0
2026-05,E0459,C009,P031,160.0,150,128,22,0
2026-05,E0479,C001,P004,160.0,166,155,11,6
2026-05,E0288,C012,P001,160.0,133,121,12,0
2026-05,E0297,C009,P009,160.0,122,89,33,0
2026-05,E0074,C009,P028,160.0,168,157,11,8
2026-05,E0448,C001,P034,160.0,166,157,9,6
2026-05,E0326,C005,P011,160.0,181,134,47,21
2026-05,E0021,C011,P001,160.0,129,100,29,0
2026-05,E0090,C003,P035,160.0,139,101,38,0
2026-05,E0489,C012,P010,160.0,169,157,12,9
2026-05,E0194,C012,P021,160.0,133,93,40,0
2026-05,E0125,C001,P013,160.0,161,107,54,1
2026-05,E0097,C005,P013,160.0,140,94,46,0
2026-05,E0409,C011,P020,160.0,153,106,47,0
2026-05,E0316,C005,P006,160.0,116,109,7,0
2026-05,E0461,C012,P024,160.0,147,106,41,0
2026-05,E0019,C004,P007,160.0,70,55,15,0
2026-05,E0372,C010,P014,160.0,175,153,22,15
2026-05,E0430,C011,P018,160.0,164,135,29,4
2026-05,E0339,C008,P001,160.0,121,93,28,0
2026-05,E0321,C005,P004,160.0,188,172,16,28
2026-05,E0166,C002,P022,160.0,173,126,47,13
2026-05,E0005,C005,P029,160.0,117,82,35,0
2026-05,E0482,C007,P025,160.0,131,102,29,0
2026-05,E0124,C012,P008,160.0,118,106,12,0
2026-05,E0309,C002,P011,160.0,153,123,30,0
2026-05,E0149,C009,P002,160.0,130,95,35,0
2026-05,E0012,C004,P003,160.0,97,80,17,0
2026-05,E0073,C008,P014,160.0,143,111,32,0
2026-05,E0067,C011,P001,160.0,167,125,42,7
2026-05,E0305,C001,P027,160.0,147,127,20,0
2026-05,E0413,C012,P005,160.0,158,141,17,0
2026-05,E0484,C001,P008,160.0,149,122,27,0
2026-05,E0146,C003,P020,160.0,163,125,38,3
2026-05,E0365,C008,P029,160.0,152,113,39,0
2026-05,E0446,C001,P015,160.0,141,116,25,0
2026-05,E0218,C005,P024,160.0,147,116,31,0
2026-05,E0100,C007,P024,160.0,182,120,62,22
2026-05,E0009,C004,P034,160.0,160,135,25,0
2026-05,E0463,C002,P027,160.0,121,84,37,0
2026-05,E0251,C012,P029,160.0,146,119,27,0
2026-05,E0113,C011,P023,160.0,153,137,16,0
2026-05,E0007,C010,P018,160.0,141,133,8,0
2026-05,E0450,C004,P015,160.0,97,64,33,0
2026-05,E0433,C008,P004,160.0,123,81,42,0
2026-05,E0110,C007,P017,160.0,134,96,38,0
2026-05,E0273,C005,P024,160.0,192,160,32,32
2026-05,E0088,C003,P029,160.0,157,118,39,0
2026-05,E0265,C009,P015,160.0,106,95,11,0
2026-05,E0247,C011,P032,160.0,142,107,35,0
2026-05,E0197,C002,P011,160.0,178,135,43,18
2026-05,E0071,C001,P024,160.0,130,92,38,0
2026-05,E0451,C008,P001,160.0,170,114,56,10
2026-05,E0474,C007,P019,160.0,107,96,11,0
2026-05,E0111,C006,P033,160.0,74,53,21,0
2026-05,E0236,C006,P033,160.0,175,156,19,15
2026-05,E0207,C004,P014,160.0,133,101,32,0
2026-05,E0147,C009,P032,160.0,98,91,7,0
2026-05,E0143,C005,P010,160.0,135,92,43,0
2026-05,E0257,C007,P031,160.0,149,120,29,0
2026-05,E0237,C008,P018,160.0,156,102,54,0
2026-05,E0423,C004,P033,160.0,82,57,25,0
2026-05,E0470,C007,P006,160.0,128,108,20,0
2026-05,E0018,C010,P026,160.0,146,126,20,0
2026-05,E0487,C012,P006,160.0,156,104,52,0
2026-05,E0182,C011,P034,160.0,120,100,20,0
2026-05,E0419,C003,P007,160.0,139,129,10,0
2026-05,E0234,C005,P010,160.0,130,98,32,0
2026-05,E0500,C011,P009,160.0,150,122,28,0
2026-05,E0094,C012,P031,160.0,173,154,19,13
2026-05,E0292,C008,P007,160.0,136,113,23,0
2026-05,E0340,C012,P023,160.0,110,74,36,0
2026-05,E0142,C007,P023,160.0,127,96,31,0
2026-05,E0188,C001,P016,160.0,188,159,29,28
2026-05,E0285,C010,P017,160.0,123,82,41,0
2026-05,E0187,C006,P020,160.0,114,79,35,0
2026-05,E0172,C009,P028,160.0,135,121,14,0
2026-05,E0412,C008,P004,160.0,142,99,43,0
2026-05,E0467,C011,P002,160.0,131,119,12,0
2026-05,E0456,C009,P028,160.0,107,85,22,0
2026-05,E0155,C006,P025,160.0,153,133,20,0
2026-05,E0046,C009,P015,160.0,150,125,25,0
2026-05,E0004,C008,P017,160.0,162,124,38,2
2026-05,E0380,C003,P034,160.0,150,127,23,0
2026-05,E0223,C009,P032,160.0,185,144,41,25
2026-05,E0344,C004,P012,160.0,164,113,51,4
2026-05,E0408,C010,P026,160.0,158,142,16,0
2026-05,E0083,C008,P034,160.0,175,136,39,15
2026-05,E0417,C011,P030,160.0,148,113,35,0
2026-05,E0096,C006,P004,160.0,140,126,14,0
2026-05,E0278,C003,P004,160.0,152,120,32,0
2026-05,E0242,C002,P030,160.0,96,78,18,0
2026-05,E0129,C002,P010,160.0,148,110,38,0
2026-05,E0439,C001,P026,160.0,142,123,19,0
2026-05,E0205,C008,P032,160.0,155,116,39,0
2026-05,E0225,C009,P018,160.0,171,159,12,11
2026-05,E0392,C002,P019,160.0,159,122,37,0
2026-05,E0089,C001,P021,160.0,127,120,7,0
2026-05,E0394,C007,P027,160.0,166,109,57,6
2026-05,E0281,C011,P014,160.0,186,159,27,26
2026-05,E0388,C012,P024,160.0,171,117,54,11
2026-05,E0481,C006,P022,160.0,112,83,29,0
2026-05,E0332,C008,P018,160.0,159,129,30,0
2026-05,E0367,C006,P019,160.0,115,80,35,0
2026-05,E0104,C009,P022,160.0,137,106,31,0
2026-05,E0498,C010,P013,160.0,154,103,51,0
2026-05,E0059,C004,P016,160.0,151,115,36,0
2026-05,E0303,C010,P027,160.0,171,119,52,11
2026-05,E0246,C001,P011,160.0,186,133,53,26
2026-05,E0307,C002,P027,160.0,157,145,12,0
2026-05,E0405,C001,P032,160.0,136,105,31,0
2026-05,E0003,C012,P035,160.0,97,63,34,0
2026-05,E0371,C008,P015,160.0,177,146,31,17
2026-05,E0295,C009,P026,160.0,142,117,25,0
2026-05,E0115,C003,P035,160.0,144,110,34,0
2026-05,E0160,C001,P021,160.0,146,106,40,0
2026-05,E0183,C010,P008,160.0,156,134,22,0
2026-05,E0319,C005,P025,160.0,156,118,38,0
2026-05,E0345,C005,P015,160.0,138,112,26,0
2026-05,E0256,C010,P021,160.0,142,127,15,0
2026-05,E0025,C007,P004,160.0,129,115,14,0
2026-05,E0215,C010,P012,160.0,127,113,14,0
2026-05,E0102,C007,P029,160.0,127,117,10,0
2026-05,E0020,C010,P017,160.0,142,106,36,0
2026-05,E0277,C007,P004,160.0,122,111,11,0
2026-05,E0060,C003,P001,160.0,72,54,18,0
2026-05,E0275,C999,P024,160.0,135,103,32,0
2026-05,E0181,C003,P016,160.0,114,93,21,0
2026-05,E0175,C005,P019,160.0,147,131,16,0
2026-05,E0308,C009,P003,160.0,129,89,40,0
2026-05,E0045,C002,P034,160.0,156,113,43,0
2026-05,E0329,C002,P020,160.0,116,99,17,0
2026-05,E0058,C010,P031,160.0,101,67,34,0
2026-05,E0477,C002,P019,160.0,142,121,21,0
2026-05,E0014,C011,P005,160.0,134,94,40,0
2026-05,E0443,C003,P022,160.0,112,102,10,0
2026-05,E0206,C999,P019,160.0,164,150,14,4
2026-05,E0105,C004,P012,160.0,119,92,27,0
2026-05,E0198,C003,P027,160.0,126,90,36,0
2026-05,E0403,C007,P014,160.0,169,143,26,9
2026-05,E0267,C012,P004,160.0,157,140,17,0
2026-05,E0429,C012,P026,160.0,117,101,16,0
2026-05,E0294,C002,P024,160.0,136,103,33,0
2026-05,E0072,C002,P014,,115,77,38,0
2026-05,E0095,C005,P002,160.0,167,158,9,7
2026-05,E0347,C001,P028,160.0,167,151,16,7
2026-05,E0411,C005,P014,160.0,190,139,51,30
2026-05,E0174,C007,P027,160.0,202,156,46,42
2026-05,E0189,C006,P008,160.0,129,100,29,0
2026-05,E0260,C012,P025,160.0,162,146,16,2
2026-05,E0268,C002,P007,160.0,97,68,29,0
2026-05,E0476,C010,P014,160.0,149,133,16,0
2026-05,E0420,C011,P035,160.0,155,126,29,0
2026-05,E0171,C008,P014,160.0,121,106,15,0
2026-05,E0478,C001,P016,160.0,128,92,36,0
2026-05,E0494,C012,P032,160.0,167,124,43,7
2026-05,E0210,C012,P026,160.0,156,133,23,0
2026-05,E0458,C005,P025,160.0,186,158,28,26
2026-05,E0364,C004,P009,160.0,183,150,33,23
2026-05,E0455,C002,P024,160.0,103,90,13,0
2026-05,E0320,C004,P032,160.0,131,94,37,0
2026-05,E0490,C011,P035,160.0,118,98,20,0
2026-05,E0169,C004,P027,160.0,163,142,21,3
2026-05,E0369,C012,P030,160.0,152,137,15,0
2026-05,E0190,C001,P026,160.0,120,79,41,0
2026-05,E0333,C010,P022,160.0,123,97,26,0
2026-05,E0199,C003,P017,160.0,176,163,13,16
2026-05,E0363,C010,P013,160.0,134,87,47,0
2026-05,E0085,C001,P010,160.0,94,63,31,0
2026-05,E0232,C007,P006,160.0,118,96,22,0
2026-05,E0445,C008,P025,160.0,192,134,58,32
2026-05,E0435,C001,P022,160.0,170,159,11,10
2026-05,E0259,C011,P022,160.0,113,75,38,0
2026-05,E0350,C001,P018,160.0,149,122,27,0
2026-05,E0296,C012,P032,160.0,168,134,34,8
2026-05,E0374,C001,P005,160.0,103,95,8,0
2026-05,E0214,C005,P026,160.0,171,132,39,11
2026-05,E0216,C008,P009,160.0,156,115,41,0
2026-05,E0069,C012,P035,160.0,126,101,25,0
2026-05,E0471,C011,P025,160.0,160,142,18,0
2026-05,E0334,C010,P031,160.0,152,129,23,0
2026-05,E0209,C006,P030,160.0,154,113,41,0
2026-05,E0284,C005,P034,160.0,148,96,52,0
2026-05,E0098,C011,P006,160.0,122,103,19,0
2026-05,E0381,C002,P010,160.0,127,106,21,0
2026-05,E0056,C008,P030,160.0,139,120,19,0
2026-05,E0299,C012,P011,160.0,146,109,37,0
2026-05,E0415,C002,P026,160.0,161,121,40,1
2026-05,E0230,C006,P009,160.0,193,133,60,33
2026-05,E0375,C005,P029,160.0,150,102,48,0
2026-05,E0179,C001,P004,160.0,161,124,37,1
2026-05,E0254,C012,P019,160.0,167,114,53,7
2026-05,E0153,C009,P004,160.0,163,105,58,3
2026-05,E0495,C010,P005,160.0,122,88,34,0
2026-05,E0335,C009,P032,160.0,178,116,62,18
2026-05,E0024,C007,P031,160.0,174,163,11,14
2026-05,E0227,C002,P022,160.0,148,121,27,0
2026-05,E0304,C003,P032,160.0,123,100,23,0
2026-05,E0434,C004,P024,160.0,145,110,35,0
2026-05,E0066,C003,P026,160.0,105,75,30,0
2026-05,E0150,C007,P029,160.0,182,123,59,22
2026-05,E0336,C011,P005,160.0,129,90,39,0
2026-06,E0398,C005,P018,160.0,137,129,8,0
2026-06,E0221,C004,P012,160.0,180,164,16,20
2026-06,E0308,C009,P003,160.0,82,77,5,0
2026-06,E0335,C009,P032,160.0,176,131,45,16
2026-06,E0413,C007,P031,160.0,153,113,40,0
2026-06,E0115,C003,P035,160.0,186,158,28,26
2026-06,E0191,C004,P011,160.0,121,90,31,0
2026-06,E0150,C007,P029,160.0,153,105,48,0
2026-06,E0187,C006,P020,160.0,121,99,22,0
2026-06,E0419,C003,P007,160.0,172,150,22,12
2026-06,E0309,C002,P011,160.0,171,155,16,11
2026-06,E0313,C004,P029,160.0,189,157,32,29
2026-06,E0394,C007,P027,160.0,144,101,43,0
2026-06,E0250,C008,P028,160.0,197,178,19,37
2026-06,E0377,C003,P022,160.0,119,84,35,0
2026-06,E0225,C009,P018,160.0,143,118,25,0
2026-06,E0344,C004,P012,160.0,120,97,23,0
2026-06,E0307,C002,P027,160.0,149,121,28,0
2026-06,E0189,C006,P008,160.0,122,87,35,0
2026-06,E0064,C011,P006,160.0,172,113,59,12
2026-06,E0143,C005,P010,160.0,156,124,32,0
2026-06,E0073,C008,P014,160.0,117,86,31,0
2026-06,E0470,C007,P017,160.0,165,137,28,5
2026-06,E0184,C005,P029,160.0,184,139,45,24
2026-06,E0267,C012,P004,160.0,159,133,26,0
2026-06,E0285,C010,P017,160.0,110,94,16,0
2026-06,E0208,C003,P002,160.0,141,115,26,0
2026-06,E0160,C001,P021,160.0,162,106,56,2
2026-06,E0416,C008,P030,160.0,138,102,36,0
2026-06,E0272,C004,P031,160.0,119,101,18,0
2026-06,E0075,C008,P033,160.0,175,134,41,15
2026-06,E0113,C011,P023,160.0,137,105,32,0
2026-06,E0296,C012,P032,160.0,184,171,13,24
2026-06,E0205,C008,P032,160.0,132,108,24,0
2026-06,E0415,C002,P026,160.0,136,127,9,0
2026-06,E0074,C009,P028,160.0,130,97,33,0
2026-06,E0220,C006,P032,160.0,140,112,28,0
2026-06,E0435,C001,P022,160.0,156,148,8,0
2026-06,E0254,C012,P019,160.0,120,94,26,0
2026-06,E0440,C004,P005,160.0,116,79,37,0
2026-06,E0083,C008,P034,160.0,102,93,9,0
2026-06,E0496,C012,P025,160.0,100,84,16,0
2026-06,E0484,C001,P008,160.0,111,86,25,0
2026-06,E0378,C005,P007,160.0,131,117,14,0
2026-06,E0262,C003,P013,160.0,149,138,11,0
2026-06,E0430,C011,P018,160.0,155,107,48,0
2026-06,E0152,C002,P032,160.0,148,117,31,0
2026-06,E0018,C010,P026,160.0,181,139,42,21
2026-06,E0185,C008,P035,160.0,190,142,48,30
2026-06,E0173,C008,P010,160.0,138,96,42,0
2026-06,E0323,C005,P007,160.0,120,104,16,0
2026-06,E0140,C002,P011,160.0,199,181,18,39
2026-06,E0261,C010,P014,160.0,174,143,31,14
2026-06,E0044,C002,P020,160.0,172,139,33,12
2026-06,E0356,C001,P022,160.0,130,87,43,0
2026-06,E0207,C004,P014,160.0,166,127,39,6
2026-06,E0169,C004,P027,160.0,148,109,39,0
2026-06,E0424,C011,P030,160.0,143,111,32,0
2026-06,E0204,C002,P024,160.0,143,118,25,0
2026-06,E0447,C012,P029,160.0,157,141,16,0
2026-06,E0481,C006,P022,160.0,182,122,60,22
2026-06,E0283,C012,P009,160.0,201,180,21,41
2026-06,E0464,C003,P013,160.0,134,118,16,0
2026-06,E0255,C010,P032,160.0,149,102,47,0
2026-06,E0432,C011,P034,160.0,142,129,13,0
2026-06,E0037,C009,P009,160.0,155,127,28,0
2026-06,E0452,C011,P010,160.0,81,75,6,0
2026-06,E0485,C006,P029,160.0,139,124,15,0
2026-06,E0473,C003,P032,160.0,196,183,13,36
2026-06,E0216,C008,P009,160.0,128,100,28,0
2026-06,E0397,C009,P013,160.0,134,112,22,0
2026-06,E0029,C012,P013,160.0,131,108,23,0
2026-06,E0197,C002,P011,160.0,141,129,12,0
2026-06,E0286,C002,P004,160.0,112,87,25,0
2026-06,E0437,C006,P013,160.0,131,87,44,0
2026-06,E0145,C008,P002,160.0,155,128,27,0
2026-06,E0363,C010,P013,160.0,155,117,38,0
2026-06,E0106,C005,P020,160.0,151,135,16,0
2026-06,E0338,C007,P012,160.0,179,150,29,19
2026-06,E0133,C012,P031,160.0,156,120,36,0
2026-06,E0392,C002,P019,160.0,178,166,12,18
2026-06,E0072,C002,P014,160.0,201,143,58,41
2026-06,E0386,C010,P005,160.0,167,139,28,7
2026-06,E0383,C001,P013,160.0,112,74,38,0
2026-06,E0210,C012,P026,160.0,152,126,26,0
2026-06,E0084,C003,P020,160.0,148,106,42,0
2026-06,E0380,C003,P034,160.0,184,156,28,24
2026-06,E0340,C012,P023,160.0,142,99,43,0
2026-06,E0011,C002,P029,160.0,124,87,37,0
2026-06,E0393,C001,P030,160.0,133,88,45,0
2026-06,E0241,C004,P034,160.0,113,86,27,0
2026-06,E0061,C999,P003,160.0,71,54,17,0
2026-06,E0213,C010,P003,160.0,196,176,20,36
2026-06,E0223,C009,P032,160.0,145,96,49,0
2026-06,E0350,C001,P018,160.0,115,77,38,0
2026-06,E0045,C002,P034,160.0,187,170,17,27
2026-06,E0033,C009,P030,160.0,192,156,36,32
2026-06,E0329,C002,P020,160.0,149,125,24,0
2026-06,E0135,C006,P019,160.0,111,73,38,0
2026-06,E0228,C001,P006,160.0,133,93,40,0
2026-06,E0408,C010,P026,160.0,139,95,44,0
2026-06,E0126,C010,P004,160.0,146,105,41,0
2026-06,E0100,C007,P024,160.0,118,89,29,0
2026-06,E0395,C001,P012,160.0,169,113,56,9
2026-06,E0252,C004,P013,160.0,92,59,33,0
2026-06,E0149,C009,P002,160.0,173,133,40,13
2026-06,E0443,C003,P022,160.0,179,142,37,19
2026-06,E0102,C007,P029,160.0,135,101,34,0
2026-06,E0236,C006,P033,160.0,143,100,43,0
2026-06,E0211,C007,P017,160.0,183,136,47,23
2026-06,E0438,C007,P008,160.0,161,123,38,1
2026-06,E0387,C009,P024,160.0,136,95,41,0
2026-06,E0161,C008,P007,160.0,139,123,16,0
2026-06,E0007,C010,P018,160.0,157,124,33,0
2026-06,E0023,C008,P028,160.0,193,178,15,33
2026-06,E0405,C001,P032,160.0,140,105,35,0
2026-06,E0333,C010,P022,160.0,136,120,16,0
2026-06,E0067,C011,P001,160.0,146,104,42,0
2026-06,E0320,C004,P032,160.0,146,112,34,0
2026-06,E0453,C009,P006,160.0,153,107,46,0
2026-06,E0487,C012,P006,160.0,143,127,16,0
2026-06,E0027,C011,P013,160.0,175,135,40,15
2026-06,E0448,C001,P034,160.0,123,101,22,0
2026-06,E0181,C003,P016,160.0,155,141,14,0
2026-06,E0193,C008,P027,160.0,156,104,52,0
2026-06,E0014,C011,P005,160.0,125,96,29,0
2026-06,E0375,C005,P029,160.0,155,126,29,0
2026-06,E0466,C004,P016,160.0,157,148,9,0
2026-06,E0021,C011,P001,160.0,82,56,26,0
2026-06,E0175,C005,P019,160.0,120,82,38,0
2026-06,E0081,C008,P002,160.0,185,129,56,25
2026-06,E0238,C010,P012,160.0,130,110,20,0
2026-06,E0256,C010,P021,160.0,115,91,24,0
2026-06,E0085,C001,P010,160.0,99,81,18,0
2026-06,E0174,C007,P027,160.0,118,97,21,0
2026-06,E0058,C010,P031,160.0,142,115,27,0
2026-06,E0054,C012,P013,160.0,114,93,21,0
2026-06,E0051,C002,P016,160.0,161,105,56,1
2026-06,E0322,C008,P002,160.0,124,93,31,0
2026-06,E0264,C001,P005,160.0,153,111,42,0
2026-06,E0410,C001,P032,160.0,181,155,26,21
2026-06,E0008,C005,P026,160.0,179,155,24,19
2026-06,E0096,C006,P004,160.0,152,126,26,0
2026-06,E0063,C012,P027,160.0,117,85,32,0
2026-06,E0428,C003,P002,160.0,144,111,33,0
2026-06,E0124,C012,P008,160.0,153,112,41,0
2026-06,E0199,C003,P017,160.0,207,134,73,47
2026-06,E0433,C008,P004,160.0,98,85,13,0
2026-06,E0426,C011,P030,160.0,144,94,50,0
2026-06,E0012,C004,P003,160.0,161,113,48,1
2026-06,E0352,C012,P015,160.0,148,117,31,0
2026-06,E0176,C004,P026,160.0,150,122,28,0
2026-06,E0292,C008,P007,160.0,126,97,29,0
2026-06,E0129,C002,P010,160.0,168,119,49,8
2026-06,E0384,C004,P004,160.0,146,95,51,0
2026-06,E0339,C008,P001,160.0,150,137,13,0
2026-06,E0358,C001,P003,160.0,171,141,30,11
2026-06,E0209,C006,P030,160.0,137,119,18,0
2026-06,E0471,C011,P025,160.0,177,163,14,17
2026-06,E0445,C008,P025,160.0,113,82,31,0
2026-06,E0121,C006,P009,160.0,152,107,45,0
2026-06,E0093,C011,P010,160.0,124,101,23,0
2026-06,E0458,C005,P025,160.0,118,97,21,0
2026-06,E0403,C007,P014,160.0,193,130,63,33
2026-06,E0131,C002,P001,160.0,114,77,37,0
2026-06,E0179,C009,P012,160.0,146,104,42,0
2026-06,E0090,C003,P035,160.0,112,82,30,0
2026-06,E0155,C003,P024,160.0,175,114,61,15
2026-06,E0091,C008,P010,160.0,135,114,21,0
2026-06,E0289,C010,P035,160.0,171,159,12,11
2026-06,E0222,C008,P028,160.0,160,104,56,0
2026-06,E0172,C009,P028,160.0,202,171,31,42
2026-06,E0164,C004,P019,160.0,108,92,16,0
2026-06,E0080,C001,P019,160.0,120,109,11,0
2026-06,E0122,C003,P020,160.0,170,113,57,10
2026-06,E0005,C005,P029,160.0,153,111,42,0
2026-06,E0367,C006,P019,160.0,139,99,40,0
2026-06,E0229,C010,P001,160.0,196,141,55,36
2026-06,E0125,C001,P013,160.0,145,127,18,0
2026-06,E0119,C004,P034,160.0,125,96,29,0
2026-06,E0242,C002,P003,160.0,172,122,50,12
2026-06,E0345,C005,P015,160.0,145,134,11,0
2026-06,E0478,C001,P016,160.0,147,108,39,0
2026-06,E0423,C004,P033,160.0,162,138,24,2
2026-06,E0147,C009,P032,160.0,163,153,10,3
2026-06,E0472,C012,P014,160.0,120,102,18,0
2026-06,E0449,C012,P022,160.0,137,119,18,0
2026-06,E0365,C008,P029,160.0,110,88,22,0
2026-06,E0379,C006,P014,160.0,153,113,40,0
2026-06,E0246,C011,P007,160.0,192,167,25,32
2026-06,E0463,C002,P027,160.0,121,87,34,0
2026-06,E0146,C003,P020,160.0,106,75,31,0
2026-06,E0117,C003,P001,160.0,129,114,15,0
2026-06,E0154,C010,P023,160.0,139,121,18,0
2026-06,E0353,C004,P011,160.0,163,149,14,3
2026-06,E0280,C005,P034,160.0,136,127,9,0
2026-06,E0206,C999,P019,160.0,154,117,37,0
2026-06,E0098,C011,P006,160.0,132,105,27,0
2026-06,E0409,C011,P020,160.0,140,95,45,0
2026-06,E0050,C009,P012,160.0,124,110,14,0
2026-06,E0259,C011,P022,160.0,117,106,11,0
2026-06,E0202,C010,P015,160.0,164,148,16,4
2026-06,E0434,C004,P024,160.0,134,117,17,0
2026-06,E0030,C008,P025,160.0,156,145,11,0
2026-06,E0303,C010,P027,160.0,124,105,19,0
2026-06,E0337,C008,P008,160.0,145,122,23,0
2026-06,E0068,C006,P034,160.0,92,73,19,0
2026-06,E0158,C006,P011,160.0,135,120,15,0
2026-06,E0475,C012,P009,160.0,126,114,12,0
2026-06,E0477,C002,P019,160.0,174,152,22,14
2026-06,E0482,C007,P025,160.0,113,100,13,0
2026-06,E0260,C012,P025,160.0,141,127,14,0
2026-06,E0319,C005,P025,160.0,153,105,48,0
2026-06,E0414,C012,P030,160.0,170,145,25,10
2026-06,E0153,C009,P004,160.0,166,120,46,6
2026-06,E0431,C012,P003,160.0,143,95,48,0
2026-06,E0381,C002,P010,160.0,146,126,20,0
2026-06,E0182,C011,P034,160.0,174,133,41,14
2026-06,E0324,C008,P006,160.0,142,99,43,0
2026-06,E0019,C004,P007,160.0,149,105,44,0
2026-06,E0348,C007,P027,160.0,175,151,24,15
2026-06,E0082,C009,P022,160.0,207,163,44,47
2026-06,E0407,C010,P003,160.0,151,135,16,0
2026-06,E0429,C012,P026,160.0,158,107,51,0
2026-06,E0107,C005,P020,160.0,165,148,17,5
2026-06,E0053,C004,P005,160.0,175,132,43,15
2026-06,E0010,C011,P001,160.0,171,156,15,11
2026-06,E0373,C012,P025,160.0,130,100,30,0
2026-06,E0219,C010,P017,160.0,153,140,13,0
2026-06,E0265,C009,P015,160.0,171,125,46,11
2026-06,E0490,C011,P035,160.0,181,131,50,21
2026-06,E0304,C003,P032,160.0,141,124,17,0
2026-06,E0002,C001,P011,160.0,152,116,36,0
2026-06,E0087,C012,P010,160.0,155,117,38,0
2026-06,E0251,C012,P029,160.0,145,109,36,0
2026-06,E0359,C007,P005,160.0,152,118,34,0
2026-06,E0328,C004,P033,160.0,91,83,8,0
2026-06,E0427,C004,P029,160.0,226,156,70,66
2026-06,E0288,C012,P001,160.0,202,190,12,42
2026-06,E0355,C006,P017,160.0,140,118,22,0
2026-06,E0467,C011,P002,160.0,142,117,25,0
2026-06,E0077,C012,P005,160.0,104,92,12,0
2026-06,E0388,C012,P024,160.0,100,70,30,0
2026-06,E0489,C012,P010,160.0,157,121,36,0
2026-06,E0300,C010,P027,160.0,171,134,37,11
2026-06,E0167,C008,P028,160.0,166,133,33,6
2026-06,E0178,C004,P011,160.0,124,92,32,0
2026-06,E0025,C007,P004,160.0,164,123,41,4
2026-06,E0034,C002,P003,160.0,141,93,48,0
2026-06,E0136,C007,P019,160.0,135,96,39,0
2026-06,E0024,C007,P031,160.0,111,72,39,0
2026-06,E0315,C002,P007,160.0,127,87,40,0
2026-06,E0402,C008,P015,160.0,158,105,53,0
2026-06,E0004,C008,P017,160.0,153,119,34,0
2026-06,E0056,C008,P030,160.0,149,102,47,0
2026-06,E0237,C008,P018,160.0,90,68,22,0
2026-06,E0454,C005,P029,160.0,149,124,25,0
2026-06,E0057,C004,P006,160.0,130,85,45,0
2026-06,E0065,C012,P030,160.0,153,145,8,0
2026-06,E0418,C007,P016,160.0,176,132,44,16
2026-06,E0040,C001,P009,160.0,133,104,29,0
2026-06,E0224,C006,P006,160.0,147,133,14,0
2026-06,E0198,C003,P027,160.0,196,178,18,36
2026-06,E0230,C006,P009,160.0,151,120,31,0
2026-06,E0376,C004,P019,160.0,144,136,8,0
2026-06,E0170,C011,P012,160.0,124,100,24,0
2026-06,E0157,C010,P006,160.0,165,156,9,5
2026-06,E0049,C005,P022,160.0,120,78,42,0
2026-06,E0382,C006,P021,160.0,177,136,41,17
2026-06,E0127,C002,P020,160.0,161,120,41,1
2026-06,E0003,C012,P035,160.0,131,117,14,0
2026-06,E0094,C012,P031,160.0,125,83,42,0
2026-06,E0042,C011,P019,160.0,126,88,38,0
2026-06,E0142,C007,P023,160.0,100,77,23,0
2026-06,E0295,C009,P026,160.0,156,119,37,0
2026-06,E0088,C003,P029,160.0,93,63,30,0
2026-06,E0325,C009,P011,160.0,142,132,10,0
2026-06,E0468,C011,P010,160.0,141,104,37,0
2026-06,E0188,C001,P016,160.0,136,101,35,0
2026-06,E0244,C010,P030,160.0,156,107,49,0
2026-06,E0450,C004,P015,160.0,131,110,21,0
2026-06,E0396,C006,P006,160.0,149,100,49,0
2026-06,E0110,C007,P017,160.0,177,165,12,17
2026-06,E0326,C005,P011,160.0,159,111,48,0
2026-06,E0479,C001,P004,160.0,134,121,13,0
2026-06,E0097,C005,P013,160.0,145,127,18,0
2026-06,E0341,C005,P015,160.0,136,126,10,0
2026-06,E0114,C002,P033,160.0,140,102,38,0
2026-06,E0062,C002,P029,160.0,150,110,40,0
2026-06,E0498,C010,P013,160.0,110,89,21,0
2026-06,E0330,C012,P018,160.0,104,72,32,0
2026-06,E0194,C012,P021,160.0,122,90,32,0
2026-06,E0314,C010,P003,160.0,157,125,32,0
2026-06,E0232,C007,P006,160.0,161,135,26,1
2026-06,E0177,C005,P030,160.0,165,114,51,5
2026-06,E0294,C002,P024,160.0,123,93,30,0
2026-06,E0166,C002,P022,160.0,147,113,34,0
2026-06,E0492,C003,P021,160.0,135,95,40,0
2026-06,E0476,C010,P014,160.0,141,108,33,0
2026-06,E0347,C001,P028,160.0,135,127,8,0
2026-06,E0273,C005,P024,160.0,151,115,36,0
2026-06,E0316,C005,P006,160.0,128,107,21,0
2026-06,E0310,C005,P008,160.0,174,123,51,14
2026-06,E0278,C003,P004,160.0,174,116,58,14
2026-06,E0218,C005,P024,160.0,157,117,40,0
2026-06,E0055,C006,P009,160.0,170,128,42,10
2026-06,E0417,C011,P030,160.0,109,75,34,0
2026-06,E0028,C012,P023,160.0,175,133,42,15
2026-06,E0391,C010,P011,160.0,154,106,48,0
2026-06,E0460,C003,P013,160.0,129,95,34,0
2026-06,E0009,C004,P034,160.0,127,107,20,0
2026-06,E0001,C007,P016,160.0,185,140,45,25
2026-06,E0336,C011,P005,160.0,165,148,17,5
2026-06,E0112,C010,P004,160.0,141,125,16,0
2026-06,E0318,C007,P007,160.0,109,76,33,0
2026-06,E0111,C006,P033,160.0,177,116,61,17
2026-06,E0368,C001,P028,160.0,117,100,17,0
2026-06,E0217,C003,P017,160.0,135,112,23,0
2026-06,E0456,C009,P028,160.0,141,101,40,0
2026-06,E0374,C001,P005,160.0,126,87,39,0
2026-06,E0461,C012,P024,160.0,140,103,37,0
2026-06,E0331,C011,P022,160.0,144,98,46,0
2026-06,E0227,C002,P022,160.0,139,103,36,0
2026-06,E0270,C008,P033,160.0,152,139,13,0
2026-06,E0095,C005,P002,160.0,186,151,35,26
2026-06,E0201,C010,P015,160.0,110,76,34,0
2026-06,E0291,C002,P021,160.0,148,136,12,0
2026-06,E0059,C004,P016,160.0,117,102,15,0
2026-06,E0301,C001,P034,160.0,108,81,27,0
2026-06,E0038,C003,P022,160.0,168,111,57,8
2026-06,E0104,C009,P022,160.0,151,109,42,0
2026-06,E0284,C005,P034,160.0,106,92,14,0
2026-06,E0116,C005,P018,160.0,100,130,-30,0
2026-06,E0321,C005,P004,160.0,98,91,7,0
2026-06,E0162,C011,P022,160.0,122,95,27,0
2026-06,E0069,C012,P035,160.0,90,83,7,0
2026-06,E0257,C007,P031,160.0,140,114,26,0
2026-06,E0151,C001,P012,160.0,162,121,41,2
2026-06,E0066,C003,P026,160.0,159,124,35,0
2026-06,E0148,C008,P033,160.0,135,119,16,0
2026-06,E0369,C012,P030,160.0,170,158,12,10
2026-06,E0183,C007,P016,160.0,179,159,20,19
2026-06,E0327,C005,P017,160.0,162,146,16,2
2026-06,E0015,C007,P021,160.0,131,100,31,0
2026-06,E0390,C011,P003,160.0,141,120,21,0
2026-07,E0370,C006,P020,160.0,185,140,45,25
2026-07,E0360,C007,P026,160.0,136,114,22,0
2026-07,E0430,C011,P018,160.0,159,129,30,0
2026-07,E0273,C005,P024,160.0,126,89,37,0
2026-07,E0452,C011,P010,160.0,170,135,35,10
2026-07,E0250,C008,P028,160.0,123,87,36,0
2026-07,E0297,C009,P009,160.0,142,112,30,0
2026-07,E0154,C010,P023,160.0,158,145,13,0
2026-07,E0161,C008,P007,160.0,191,138,53,31
2026-07,E0448,C001,P034,160.0,150,117,33,0
2026-07,E0232,C007,P006,160.0,138,89,49,0
2026-07,E0374,C001,P005,160.0,136,90,46,0
2026-07,E0213,C010,P003,160.0,169,137,32,9
2026-07,E0304,C003,P032,160.0,156,108,48,0
2026-07,E0420,C011,P035,160.0,161,139,22,1
2026-07,E0251,C012,P029,160.0,183,161,22,23
2026-07,E0189,C006,P008,160.0,146,109,37,0
2026-07,E0025,C007,P004,160.0,154,130,24,0
2026-07,E0149,C009,P002,160.0,136,121,15,0
2026-07,E0472,C012,P014,160.0,125,103,22,0
2026-07,E0320,C004,P032,160.0,130,117,13,0
2026-07,E0072,C002,P014,160.0,85,63,22,0
2026-07,E0267,C012,P004,160.0,158,111,47,0
2026-07,E0171,C008,P014,160.0,155,120,35,0
2026-07,E0361,C010,P001,160.0,157,127,30,0
2026-07,E0481,C006,P022,160.0,124,104,20,0
2026-07,E0500,C011,P009,160.0,130,86,44,0
2026-07,E0018,C010,P026,160.0,129,96,33,0
2026-07,E0103,C012,P027,160.0,172,146,26,12
2026-07,E0323,C005,P007,160.0,149,116,33,0
2026-07,E0106,C005,P020,160.0,146,106,40,0
2026-07,E0479,C001,P004,160.0,164,109,55,4
2026-07,E0372,C010,P014,160.0,129,95,34,0
2026-07,E0432,C011,P034,160.0,154,124,30,0
2026-07,E0329,C002,P020,160.0,195,136,59,35
2026-07,E0124,C012,P008,160.0,177,135,42,17
2026-07,E0356,C001,P022,160.0,153,132,21,0
2026-07,E0091,C008,P010,160.0,147,136,11,0
2026-07,E0085,C001,P010,160.0,157,111,46,0
2026-07,E0412,C008,P004,160.0,181,153,28,21
2026-07,E0210,C012,P026,160.0,179,142,37,19
2026-07,E0037,C009,P009,160.0,186,150,36,26
2026-07,E0062,C002,P029,160.0,151,107,44,0
2026-07,E0195,C011,P012,160.0,92,82,10,0
2026-07,E0092,C006,P019,160.0,193,150,43,33
2026-07,E0218,C005,P024,160.0,125,91,34,0
2026-07,E0287,C002,P004,160.0,95,88,7,0
2026-07,E0247,C011,P032,160.0,163,151,12,3
2026-07,E0104,C009,P022,160.0,93,81,12,0
2026-07,E0288,C012,P001,160.0,145,95,50,0
2026-07,E0001,C007,P016,160.0,93,86,7,0
2026-07,E0410,C001,P032,160.0,136,88,48,0
2026-07,E0095,C005,P002,160.0,186,147,39,26
2026-07,E0125,C001,P013,160.0,154,104,50,0
2026-07,E0109,C008,P005,160.0,145,120,25,0
2026-07,E0190,C001,P026,160.0,156,112,44,0
2026-07,E0194,C012,P021,160.0,77,51,26,0
2026-07,E0057,C004,P006,160.0,129,87,42,0
2026-07,E0115,C003,P035,160.0,132,93,39,0
2026-07,E0150,C007,P029,160.0,160,128,32,0
2026-07,E0127,C002,P020,160.0,120,79,41,0
2026-07,E0274,C007,P027,160.0,149,99,50,0
2026-07,E0489,C005,P030,160.0,143,129,14,0
2026-07,E0155,C003,P024,160.0,130,94,36,0
2026-07,E0098,C011,P006,160.0,132,103,29,0
2026-07,E0348,C007,P027,160.0,142,116,26,0
2026-07,E0488,C011,P007,160.0,98,72,26,0
2026-07,E0003,C012,P035,160.0,164,111,53,4
2026-07,E0300,C010,P027,160.0,125,109,16,0
2026-07,E0101,C005,P029,160.0,138,129,9,0
2026-07,E0217,C003,P017,160.0,184,135,49,24
2026-07,E0067,C011,P001,160.0,165,138,27,5
2026-07,E0296,C012,P032,160.0,116,101,15,0
2026-07,E0344,C004,P012,160.0,74,54,20,0
2026-07,E0246,C011,P007,160.0,157,104,53,0
2026-07,E0134,C003,P023,160.0,139,110,29,0
2026-07,E0413,C007,P031,160.0,150,122,28,0
2026-07,E0233,C002,P002,160.0,164,118,46,4
2026-07,E0291,C002,P021,160.0,168,137,31,8
2026-07,E0492,C003,P021,160.0,134,107,27,0
2026-07,E0065,C012,P030,160.0,142,117,25,0
2026-07,E0241,C008,P020,160.0,154,103,51,0
2026-07,E0084,C003,P020,160.0,156,128,28,0
2026-07,E0201,C010,P015,160.0,149,102,47,0
2026-07,E0088,C003,P029,160.0,181,139,42,21
2026-07,E0495,C010,P005,160.0,156,142,14,0
2026-07,E0207,C004,P014,160.0,163,136,27,3
2026-07,E0178,C004,P011,160.0,151,104,47,0
2026-07,E0265,C009,P015,160.0,120,110,10,0
2026-07,E0459,C009,P031,160.0,129,113,16,0
2026-07,E0411,C005,P014,160.0,115,81,34,0
2026-07,E0334,C010,P031,160.0,171,149,22,11
2026-07,E0051,C007,P013,160.0,106,88,18,0
2026-07,E0445,C008,P025,160.0,141,93,48,0
2026-07,E0307,C002,P027,160.0,135,93,42,0
2026-07,E0367,C006,P019,160.0,94,88,6,0
2026-07,E0015,C007,P021,160.0,135,95,40,0
2026-07,E0142,C007,P023,160.0,137,120,17,0
2026-07,E0378,C005,P007,160.0,186,122,64,26
2026-07,E0112,C010,P004,160.0,97,64,33,0
2026-07,E0428,C003,P002,160.0,177,162,15,17
2026-07,E0229,C010,P001,160.0,139,93,46,0
2026-07,E0226,C009,P012,160.0,166,127,39,6
2026-07,E0215,C010,P012,160.0,146,131,15,0
2026-07,E0315,C002,P007,160.0,117,108,9,0
2026-07,E0438,C007,P008,160.0,180,131,49,20
2026-07,E0373,C012,P025,160.0,175,153,22,15
2026-07,E0248,C011,P026,160.0,119,110,9,0
2026-07,E0055,C006,P009,160.0,159,138,21,0
2026-07,E0147,C009,P032,160.0,130,86,44,0
2026-07,E0090,C003,P035,160.0,107,79,28,0
2026-07,E0314,C007,P002,160.0,125,118,7,0
2026-07,E0117,C003,P001,160.0,178,167,11,18
2026-07,E0028,C012,P023,160.0,167,127,40,7
2026-07,E0437,C006,P013,160.0,137,124,13,0
2026-07,E0458,C005,P025,160.0,178,125,53,18
2026-07,E0497,C005,P008,160.0,173,132,41,13
2026-07,E0063,C012,P027,160.0,125,104,21,0
2026-07,E0214,C005,P026,160.0,185,132,53,25
2026-07,E0237,C008,P018,160.0,135,90,45,0
2026-07,E0113,C011,P023,160.0,138,96,42,0
2026-07,E0392,C002,P019,160.0,97,73,24,0
2026-07,E0097,C005,P013,160.0,129,106,23,0
2026-07,E0179,C001,P004,160.0,141,129,12,0
2026-07,E0197,C002,P011,160.0,152,129,23,0
2026-07,E0402,C008,P015,160.0,117,90,27,0
2026-07,E0303,C010,P027,160.0,126,100,26,0
2026-07,E0021,C011,P001,160.0,186,121,65,26
2026-07,E0167,C008,P028,160.0,171,113,58,11
2026-07,E0473,C003,P032,160.0,176,133,43,16
2026-07,E0380,C003,P034,160.0,143,114,29,0
2026-07,E0465,C006,P033,160.0,153,141,12,0
2026-07,E0391,C010,P011,160.0,160,142,18,0
2026-07,E0325,C008,P003,160.0,185,168,17,25
2026-07,E0071,C001,P024,160.0,107,81,26,0
2026-07,E0292,C008,P007,160.0,79,74,5,0
2026-07,E0058,C010,P031,160.0,132,119,13,0
2026-07,E0387,C009,P024,160.0,151,119,32,0
2026-07,E0414,C012,P030,160.0,147,113,34,0
2026-07,E0253,C011,P028,160.0,126,115,11,0
2026-07,E0007,C010,P018,160.0,158,129,29,0
2026-07,E0102,C007,P029,160.0,133,88,45,0
2026-07,E0202,C010,P015,160.0,145,106,39,0
2026-07,E0398,C005,P018,160.0,156,123,33,0
2026-07,E0475,C012,P009,160.0,134,94,40,0
2026-07,E0359,C007,P005,160.0,164,112,52,4
2026-07,E0285,C010,P017,160.0,169,133,36,9
2026-07,E0006,C001,P007,160.0,127,91,36,0
2026-07,E0305,C001,P027,160.0,132,123,9,0
2026-07,E0469,C003,P001,160.0,120,90,30,0
2026-07,E0264,C001,P005,160.0,144,101,43,0
2026-07,E0449,C012,P022,160.0,152,139,13,0
2026-07,E0191,C004,P011,160.0,190,179,11,30
2026-07,E0357,C010,P029,160.0,136,90,46,0
2026-07,E0166,C002,P022,160.0,151,110,41,0
2026-07,E0077,C012,P005,160.0,132,93,39,0
2026-07,E0283,C012,P009,160.0,133,105,28,0
2026-07,E0231,C006,P004,160.0,153,127,26,0
2026-07,E0242,C002,P030,160.0,134,118,16,0
2026-07,E0151,C008,P028,160.0,143,93,50,0
2026-07,E0223,C009,P032,160.0,154,120,34,0
2026-07,E0463,C002,P027,160.0,151,122,29,0
2026-07,E0464,C003,P013,160.0,85,77,8,0
2026-07,E0170,C011,P012,160.0,132,121,11,0
2026-07,E0340,C012,P023,160.0,172,159,13,12
2026-07,E0114,C002,P033,160.0,105,98,7,0
2026-07,E0038,C003,P022,160.0,69,50,19,0
2026-07,E0390,C011,P003,160.0,159,149,10,0
2026-07,E0061,C009,P003,160.0,151,110,41,0
2026-07,E0364,C004,P009,160.0,117,85,32,0
2026-07,E0306,C011,P030,160.0,147,99,48,0
2026-07,E0235,C012,P020,160.0,129,89,40,0
2026-07,E0121,C006,P009,160.0,157,114,43,0
2026-07,E0362,C010,P007,160.0,73,54,19,0
2026-07,E0485,C006,P029,160.0,138,129,9,0
2026-07,E0478,C001,P016,160.0,131,122,9,0
2026-07,E0054,C012,P013,160.0,164,151,13,4
2026-07,E0002,C004,P023,160.0,98,63,35,0
2026-07,E0107,C005,P020,160.0,146,95,51,0
2026-07,E0222,C008,P028,160.0,158,114,44,0
2026-07,E0187,C006,P020,160.0,191,166,25,31
2026-07,E0496,C012,P025,160.0,132,125,7,0
2026-07,E0066,C003,P026,160.0,153,123,30,0
2026-07,E0164,C004,P019,160.0,99,76,23,0
2026-07,E0254,C012,P019,160.0,144,119,25,0
2026-07,E0431,C012,P003,160.0,174,124,50,14
2026-07,E0227,C002,P022,160.0,191,153,38,31
2026-07,E0426,C011,P030,160.0,155,146,9,0
2026-07,E0146,C003,P020,160.0,105,92,13,0
2026-07,E0014,C011,P005,160.0,178,124,54,18
2026-07,E0148,C008,P033,160.0,105,81,24,0
2026-07,E0446,C007,P016,160.0,115,101,14,0
2026-07,E0011,C002,P029,160.0,181,148,33,21
2026-07,E0044,C002,P020,160.0,143,107,36,0
2026-07,E0424,C011,P030,160.0,130,93,37,0
2026-07,E0467,C011,P002,160.0,162,129,33,2
2026-07,E0484,C001,P008,160.0,149,116,33,0
2026-07,E0294,C002,P024,160.0,199,187,12,39
2026-07,E0461,C012,P024,160.0,171,118,53,11
2026-07,E0216,C008,P009,160.0,150,123,27,0
2026-07,E0429,C012,P026,160.0,150,129,21,0
2026-07,E0083,C008,P034,160.0,170,129,41,10
2026-07,E0299,C012,P011,160.0,142,109,33,0
2026-07,E0444,C008,P005,160.0,122,111,11,0
2026-07,E0338,C007,P012,160.0,163,153,10,3
2026-07,E0435,C001,P022,160.0,137,107,30,0
2026-07,E0328,C004,P033,160.0,152,130,22,0
2026-07,E0333,C010,P022,160.0,95,69,26,0
2026-07,E0172,C009,P028,160.0,141,106,35,0
2026-07,E0396,C006,P006,160.0,131,97,34,0
2026-07,E0417,C011,P030,160.0,94,66,28,0
2026-07,E0252,C004,P013,160.0,142,105,37,0
2026-07,E0345,C005,P015,160.0,143,112,31,0
2026-07,E0131,C002,P001,160.0,154,126,28,0
2026-07,E0005,C005,P029,160.0,173,143,30,13
2026-07,E0143,C005,P010,160.0,169,114,55,9
2026-07,E0451,C008,P001,160.0,133,110,23,0
2026-07,E0096,C006,P004,160.0,149,129,20,0
2026-07,E0397,C009,P013,160.0,157,103,54,0
2026-07,E0010,C011,P001,160.0,134,121,13,0
2026-07,E0188,C001,P016,160.0,107,73,34,0
2026-07,E0350,C001,P018,160.0,139,130,9,0
2026-07,E0313,C004,P029,160.0,175,142,33,15
2026-07,E0228,C001,P006,160.0,106,72,34,0
2026-07,E0408,C010,P026,160.0,120,85,35,0
2026-07,E0494,C012,P032,160.0,125,96,29,0
2026-07,E0455,C002,P024,160.0,120,91,29,0
2026-07,E0082,C009,P022,160.0,162,124,38,2
2026-07,E0060,C003,P001,160.0,129,86,43,0
2026-07,E0027,C011,P013,160.0,163,121,42,3
2026-07,E0277,C007,P004,160.0,146,128,18,0
2026-07,E0030,C008,P025,160.0,101,91,10,0
2026-07,E0046,C009,P015,160.0,134,114,20,0
2026-07,E0053,C004,P030,160.0,170,126,44,10
2026-07,E0234,C005,P010,160.0,148,96,52,0
2026-07,E0157,C010,P006,160.0,136,105,31,0
2026-07,E0136,C007,P019,160.0,175,153,22,15
2026-07,E0369,C012,P030,160.0,118,87,31,0
2026-07,E0433,C008,P004,160.0,130,101,29,0
2026-07,E0386,C010,P005,160.0,167,144,23,7
2026-07,E0447,C005,P013,160.0,162,134,28,2
2026-07,E0081,C008,P002,160.0,116,107,9,0
2026-07,E0168,C005,P033,160.0,156,127,29,0
2026-07,E0355,C006,P017,160.0,128,93,35,0
2026-07,E0389,C008,P018,160.0,93,76,17,0
2026-07,E0268,C002,P007,160.0,137,125,12,0
2026-07,E0024,C007,P031,160.0,193,155,38,33
2026-07,E0236,C006,P033,160.0,170,113,57,10
2026-07,E0116,C005,P018,160.0,143,106,37,0
2026-07,E0381,C002,P010,160.0,105,73,32,0
2026-07,E0219,C010,P017,160.0,94,68,26,0
2026-07,E0321,C005,P004,160.0,146,115,31,0
2026-07,E0033,C009,P030,160.0,155,105,50,0
2026-07,E0119,C004,P034,160.0,162,143,19,2
2026-07,E0281,C011,P014,160.0,159,108,51,0
2026-07,E0407,C010,P003,160.0,162,136,26,2
2026-07,E0280,C005,P034,160.0,151,127,24,0
2026-07,E0454,C005,P029,160.0,174,137,37,14
2026-07,E0255,C010,P032,160.0,131,110,21,0
2026-07,E0434,C004,P024,160.0,145,97,48,0
2026-07,E0326,C005,P011,160.0,101,82,19,0
2026-07,E0470,C007,P006,160.0,131,90,41,0
2026-07,E0330,C012,P018,160.0,169,118,51,9
2026-07,E0193,C008,P027,160.0,161,109,52,1
2026-07,E0260,C012,P025,160.0,85,57,28,0
2026-07,E0040,C001,P009,160.0,196,165,31,36
2026-07,E0403,C007,P014,160.0,148,123,25,0
2026-07,E0284,C005,P034,160.0,149,100,49,0
2026-07,E0363,C010,P013,160.0,129,93,36,0
2026-07,E0278,C003,P004,160.0,134,102,32,0
2026-07,E0341,C005,P015,160.0,148,133,15,0
2026-07,E0450,C004,P015,160.0,159,137,22,0
2026-07,E0262,C005,P016,160.0,153,112,41,0
2026-07,E0331,C011,P022,160.0,131,110,21,0
2026-07,E0310,C005,P008,160.0,122,113,9,0
2026-07,E0474,C007,P019,160.0,120,78,42,0
2026-07,E0276,C009,P005,160.0,172,154,18,12
2026-07,E0376,C004,P019,160.0,168,158,10,8
2026-07,E0185,C008,P035,160.0,157,132,25,0
2026-07,E0209,C006,P030,160.0,171,117,54,11
2026-07,E0160,C001,P021,160.0,141,93,48,0
2026-07,E0012,C004,P003,160.0,166,125,41,6
2026-07,E0419,C003,P007,160.0,158,124,34,0
2026-07,E0270,C008,P033,160.0,166,110,56,6
2026-07,E0049,C005,P022,160.0,118,109,9,0
2026-07,E0487,C012,P006,160.0,82,69,13,0
2026-07,E0068,C006,P034,160.0,151,101,50,0
2026-07,E0034,C008,P003,160.0,96,90,6,0
2026-07,E0418,C007,P016,160.0,136,102,34,0
2026-07,E0123,C004,P020,160.0,89,76,13,0
2026-07,E0069,C012,P035,160.0,176,128,48,16
2026-07,E0440,C004,P005,160.0,168,125,43,8
2026-07,E0020,C010,P017,160.0,153,101,52,0
2026-07,E0050,C009,P012,160.0,123,102,21,0
2026-07,E0415,C002,P026,160.0,100,67,33,0
2026-07,E0316,C005,P006,160.0,89,75,14,0
2026-07,E0409,C011,P020,160.0,131,101,30,0
2026-07,E0377,C003,P022,160.0,162,146,16,2
2026-07,E0416,C008,P030,160.0,136,110,26,0
2026-07,E0056,C005,P011,160.0,157,111,46,0
2026-07,E0173,C008,P010,160.0,158,105,53,0
2026-07,E0368,C004,P005,160.0,162,146,16,2
2026-07,E0135,C002,P021,160.0,96,78,18,0
2026-07,E0152,C002,P032,160.0,125,84,41,0
2026-07,E0111,C006,P033,160.0,157,110,47,0
2026-07,E0498,C010,P013,160.0,182,128,54,22
2026-07,E0261,C010,P014,160.0,173,113,60,13
2026-07,E0009,C004,P034,160.0,152,101,51,0
2026-07,E0423,C004,P033,160.0,176,131,45,16
2026-07,E0388,C012,P024,160.0,152,114,38,0
2026-07,E0347,C001,P028,160.0,106,69,37,0
2026-07,E0230,C006,P009,160.0,161,140,21,1
2026-07,E0177,C005,P030,160.0,174,151,23,14
2026-07,E0075,C008,P033,160.0,191,162,29,31
2026-07,E0244,C010,P030,160.0,130,89,41,0
2026-07,E0379,C006,P014,160.0,116,79,37,0
2026-07,E0140,C002,P011,160.0,166,155,11,6
2026-07,E0324,C008,P006,160.0,155,129,26,0
2026-07,E0337,C008,P008,160.0,153,127,26,0
2026-07,E0089,C001,P021,160.0,177,156,21,17
2026-07,E0208,C003,P002,160.0,166,110,56,6
2026-07,E0079,C003,P032,160.0,157,137,20,0
2026-07,E0453,C009,P006,160.0,133,112,21,0
2026-07,E0439,C001,P026,160.0,163,121,42,3
2026-07,E0059,C004,P016,160.0,115,99,16,0
2026-07,E0198,C003,P027,160.0,152,106,46,0
2026-07,E0169,C004,P027,160.0,144,133,11,0
2026-07,E0224,C006,P006,160.0,105,74,31,0
2026-07,E0073,C008,P014,160.0,155,124,31,0
2026-07,E0205,C008,P032,160.0,130,120,10,0
2026-07,E0145,C008,P002,160.0,154,110,44,0
2026-07,E0225,C009,P018,160.0,121,84,37,0
2026-07,E0153,C009,P004,160.0,166,145,21,6
2026-07,E0443,C003,P022,160.0,186,138,48,26
2026-07,E0309,C002,P011,160.0,90,85,5,0
2026-07,E0352,C012,P015,160.0,115,84,31,0
2026-07,E0220,C006,P032,160.0,121,99,22,0
2026-07,E0335,C009,P032,160.0,111,80,31,0
2026-07,E0238,C010,P012,160.0,139,127,12,0
2026-07,E0206,C999,P019,160.0,154,104,50,0
2026-07,E0174,C007,P027,160.0,162,113,49,2
2026-07,E0204,C002,P024,160.0,151,142,9,0
2026-07,E0499,C006,P025,160.0,100,130,-30,1
2026-07,E0490,C011,P035,160.0,143,105,38,0
2026-07,E0482,C007,P025,160.0,130,88,42,0
2026-07,E0289,C010,P035,160.0,121,83,38,0
2026-07,E0199,C003,P017,160.0,140,124,16,0
2026-07,E0477,C002,P019,160.0,122,84,38,0
2026-08,E0487,C012,P006,160.0,153,108,45,0
2026-08,E0449,C012,P022,160.0,122,82,40,0
2026-08,E0113,C011,P023,160.0,132,111,21,0
2026-08,E0420,C011,P035,160.0,171,138,33,11
2026-08,E0396,C006,P006,160.0,174,145,29,14
2026-08,E0153,C009,P004,160.0,173,126,47,13
2026-08,E0143,C005,P010,160.0,143,131,12,0
2026-08,E0497,C005,P008,160.0,131,107,24,0
2026-08,E0435,C001,P022,160.0,157,133,24,0
2026-08,E0283,C012,P009,160.0,123,116,7,0
2026-08,E0110,C007,P017,160.0,163,111,52,3
2026-08,E0025,C007,P004,160.0,129,114,15,0
2026-08,E0373,C012,P025,160.0,139,116,23,0
2026-08,E0167,C008,P028,160.0,164,127,37,4
2026-08,E0339,C008,P001,160.0,99,86,13,0
2026-08,E0173,C008,P010,160.0,130,121,9,0
2026-08,E0060,C003,P001,160.0,154,111,43,0
2026-08,E0452,C011,P010,160.0,159,106,53,0
2026-08,E0117,C003,P001,160.0,155,130,25,0
2026-08,E0446,C007,P016,160.0,139,120,19,0
2026-08,E0042,C011,P019,160.0,166,109,57,6
2026-08,E0084,C003,P020,160.0,120,91,29,0
2026-08,E0324,C008,P006,160.0,119,106,13,0
2026-08,E0188,C001,P016,160.0,154,110,44,0
2026-08,E0041,C008,P006,160.0,118,97,21,0
2026-08,E0129,C002,P010,160.0,187,127,60,27
2026-08,E0494,C012,P032,160.0,164,155,9,4
2026-08,E0152,C002,P032,160.0,130,92,38,0
2026-08,E0360,C007,P026,160.0,166,155,11,6
2026-08,E0464,C003,P013,160.0,114,105,9,0
2026-08,E0358,C001,P003,160.0,181,125,56,21
2026-08,E0296,C012,P032,160.0,145,136,9,0
2026-08,E0287,C002,P004,160.0,130,95,35,0
2026-08,E0064,C011,P006,160.0,137,122,15,0
2026-08,E0331,C011,P022,160.0,126,94,32,0
2026-08,E0034,C008,P003,160.0,139,131,8,0
2026-08,E0198,C003,P027,160.0,115,80,35,0
2026-08,E0387,C009,P024,160.0,190,179,11,30
2026-08,E0050,C009,P012,160.0,130,87,43,0
2026-08,E0122,C003,P020,160.0,165,110,55,5
2026-08,E0463,C002,P027,160.0,150,139,11,0
2026-08,E0074,C009,P028,160.0,120,95,25,0
2026-08,E0275,C999,P024,160.0,140,120,20,0
2026-08,E0056,C008,P030,160.0,174,151,23,14
2026-08,E0295,C009,P026,160.0,133,111,22,0
2026-08,E0123,C004,P020,160.0,118,79,39,0
2026-08,E0065,C012,P030,160.0,158,149,9,0
2026-08,E0334,C010,P031,160.0,90,71,19,0
2026-08,E0362,C010,P007,160.0,138,122,16,0
2026-08,E0135,C006,P019,160.0,177,146,31,17
2026-08,E0368,C001,P028,160.0,139,115,24,0
2026-08,E0303,C010,P027,160.0,168,140,28,8
2026-08,E0185,C008,P035,160.0,117,79,38,0
2026-08,E0351,C007,P013,160.0,138,90,48,0
2026-08,E0005,C005,P029,160.0,136,97,39,0
2026-08,E0465,C999,P004,160.0,157,136,21,0
2026-08,E0267,C012,P004,160.0,146,102,44,0
2026-08,E0072,C002,P014,160.0,94,88,6,0
2026-08,E0448,C001,P034,160.0,181,125,56,21
2026-08,E0392,C002,P019,160.0,132,86,46,0
2026-08,E0121,C006,P009,160.0,146,114,32,0
2026-08,E0440,C004,P005,160.0,137,110,27,0
2026-08,E0388,C012,P024,160.0,144,124,20,0
2026-08,E0376,C004,P019,160.0,142,111,31,0
2026-08,E0489,C012,P010,160.0,122,109,13,0
2026-08,E0001,C007,P016,160.0,164,135,29,4
2026-08,E0157,C010,P006,160.0,128,107,21,0
2026-08,E0250,C008,P028,160.0,126,113,13,0
2026-08,E0369,C012,P030,160.0,106,96,10,0
2026-08,E0169,C004,P027,160.0,131,111,20,0
2026-08,E0306,C011,P030,160.0,128,91,37,0
2026-08,E0386,C010,P005,160.0,72,60,12,0
2026-08,E0488,C011,P007,160.0,94,77,17,0
2026-08,E0205,C008,P032,160.0,74,68,6,0
2026-08,E0314,C010,P003,160.0,139,120,19,0
2026-08,E0300,C010,P027,160.0,179,147,32,19
2026-08,E0320,C004,P032,160.0,110,86,24,0
2026-08,E0176,C004,P026,160.0,144,104,40,0
2026-08,E0393,C001,P030,160.0,138,129,9,0
2026-08,E0490,C011,P035,160.0,160,129,31,0
2026-08,E0166,C002,P022,160.0,162,111,51,2
2026-08,E0329,C002,P020,160.0,198,151,47,38
2026-08,E0155,C003,P024,160.0,151,118,33,0
2026-08,E0211,C007,P017,160.0,124,109,15,0
2026-08,E0171,C008,P014,160.0,130,100,30,0
2026-08,E0347,C001,P028,160.0,133,123,10,0
2026-08,E0311,C001,P034,160.0,128,103,25,0
2026-08,E0191,C004,P011,160.0,186,125,61,26
2026-08,E0382,C006,P021,160.0,161,109,52,1
2026-08,E0274,C004,P010,160.0,104,97,7,0
2026-08,E0430,C011,P018,160.0,157,113,44,0
2026-08,E0498,C010,P013,160.0,118,102,16,0
2026-08,E0437,C006,P013,160.0,162,135,27,2
2026-08,E0004,C008,P017,160.0,172,157,15,12
2026-08,E0455,C002,P024,160.0,139,100,39,0
2026-08,E0315,C002,P007,160.0,130,123,7,0
2026-08,E0291,C002,P021,160.0,181,154,27,21
2026-08,E0307,C002,P027,160.0,127,90,37,0
2026-08,E0101,C005,P029,160.0,125,96,29,0
2026-08,E0111,C006,P033,160.0,121,87,34,0
2026-08,E0044,C010,P003,160.0,142,106,36,0
2026-08,E0268,C002,P007,160.0,151,98,53,0
2026-08,E0472,C012,P014,160.0,168,116,52,8
2026-08,E0062,C002,P029,160.0,158,110,48,0
2026-08,E0429,C012,P026,160.0,157,104,53,0
2026-08,E0213,C010,P003,160.0,176,147,29,16
2026-08,E0332,C008,P018,160.0,120,105,15,0
2026-08,E0391,C010,P011,160.0,108,96,12,0
2026-08,E0427,C004,P029,160.0,159,122,37,0
2026-08,E0069,C012,P035,160.0,141,124,17,0
2026-08,E0146,C003,P020,160.0,168,154,14,8
2026-08,E0134,C003,P023,160.0,144,97,47,0
2026-08,E0190,C001,P026,160.0,129,115,14,0
2026-08,E0310,C005,P008,160.0,159,143,16,0
2026-08,E0189,C006,P008,160.0,147,97,50,0
2026-08,E0328,C004,P033,160.0,144,100,44,0
2026-08,E0292,C008,P007,160.0,204,172,32,44
2026-08,E0066,C003,P026,160.0,174,113,61,14
2026-08,E0407,C010,P003,160.0,163,138,25,3
2026-08,E0131,C002,P001,160.0,147,131,16,0
2026-08,E0352,C012,P015,160.0,145,114,31,0
2026-08,E0097,C005,P013,160.0,137,109,28,0
2026-08,E0201,C010,P015,160.0,150,120,30,0
2026-08,E0098,C011,P006,160.0,132,116,16,0
2026-08,E0119,C004,P034,160.0,115,97,18,0
2026-08,E0241,C008,P020,160.0,143,100,43,0
2026-08,E0107,C005,P020,160.0,152,105,47,0
2026-08,E0356,C001,P022,160.0,168,157,11,8
2026-08,E0434,C004,P024,160.0,125,104,21,0
2026-08,E0202,C010,P015,160.0,145,105,40,0
2026-08,E0321,C005,P004,160.0,157,148,9,0
2026-08,E0294,C002,P024,160.0,157,125,32,0
2026-08,E0256,C010,P021,160.0,185,127,58,25
2026-08,E0168,C005,P033,160.0,137,111,26,0
2026-08,E0145,C008,P002,160.0,123,95,28,0
2026-08,E0165,C007,P015,160.0,147,133,14,0
2026-08,E0363,C010,P013,160.0,139,126,13,0
2026-08,E0379,C006,P014,160.0,134,92,42,0
2026-08,E0227,C002,P026,160.0,131,109,22,0
2026-08,E0092,C006,P019,160.0,152,115,37,0
2026-08,E0367,C006,P019,160.0,128,107,21,0
2026-08,E0207,C004,P014,160.0,163,117,46,3
2026-08,E0219,C010,P017,160.0,161,110,51,1
2026-08,E0195,C011,P012,160.0,154,140,14,0
2026-08,E0280,C005,P034,160.0,120,93,27,0
2026-08,E0418,C007,P016,160.0,151,105,46,0
2026-08,E0240,C011,P034,160.0,170,115,55,10
2026-08,E0345,C005,P015,160.0,164,131,33,4
2026-08,E0003,C012,P035,160.0,161,130,31,1
2026-08,E0247,C011,P032,160.0,145,111,34,0
2026-08,E0038,C003,P022,160.0,144,113,31,0
2026-08,E0251,C012,P029,160.0,175,139,36,15
2026-08,E0333,C010,P022,160.0,151,116,35,0
2026-08,E0089,C001,P021,160.0,152,113,39,0
2026-08,E0423,C004,P033,160.0,213,153,60,53
2026-08,E0398,C005,P018,160.0,137,121,16,0
2026-08,E0010,C011,P001,160.0,92,62,30,0
2026-08,E0125,C001,P013,160.0,140,101,39,0
2026-08,E0470,C999,P017,160.0,142,99,43,0
2026-08,E0161,C008,P007,160.0,151,119,32,0
2026-08,E0182,C011,P034,160.0,157,128,29,0
2026-08,E0229,C010,P001,160.0,96,72,24,0
2026-08,E0014,C011,P005,160.0,157,119,38,0
2026-08,E0100,C007,P024,160.0,143,104,39,0
2026-08,E0370,C006,P020,160.0,138,121,17,0
2026-08,E0353,C004,P011,160.0,105,74,31,0
2026-08,E0477,C002,P019,160.0,180,135,45,20
2026-08,E0383,C001,P013,160.0,134,109,25,0
2026-08,E0481,C006,P022,160.0,161,107,54,1
2026-08,E0174,C007,P027,160.0,124,112,12,0
2026-08,E0337,C008,P008,160.0,152,114,38,0
2026-08,E0444,C008,P005,160.0,138,119,19,0
2026-08,E0244,C010,P030,160.0,160,110,50,0
2026-08,E0372,C010,P014,160.0,138,97,41,0
2026-08,E0395,C001,P012,160.0,123,87,36,0
2026-08,E0492,C003,P021,160.0,144,134,10,0
2026-08,E0265,C009,P015,160.0,143,132,11,0
2026-08,E0088,C003,P029,160.0,151,122,29,0
2026-08,E0037,C009,P009,160.0,168,142,26,8
2026-08,E0024,C007,P031,160.0,118,111,7,0
2026-08,E0079,C003,P032,160.0,166,110,56,6
2026-08,E0055,C006,P009,160.0,115,78,37,0
2026-08,E0304,C003,P032,160.0,159,127,32,0
2026-08,E0223,C009,P032,160.0,160,118,42,0
2026-08,E0150,C007,P029,160.0,133,101,32,0
2026-08,E0222,C008,P028,160.0,126,110,16,0
2026-08,E0183,C010,P008,160.0,124,81,43,0
2026-08,E0148,C008,P033,160.0,146,99,47,0
2026-08,E0012,C011,P008,160.0,162,136,26,2
2026-08,E0237,C008,P018,160.0,141,125,16,0
2026-08,E0413,C012,P005,160.0,90,61,29,0
2026-08,E0485,C006,P029,160.0,131,119,12,0
2026-08,E0214,C005,P026,160.0,130,104,26,0
2026-08,E0218,C005,P024,160.0,156,124,32,0
2026-08,E0467,C011,P002,160.0,158,130,28,0
2026-08,E0080,C001,P019,160.0,148,120,28,0
2026-08,E0348,C007,P027,160.0,166,114,52,6
2026-08,E0338,C007,P012,160.0,168,151,17,8
2026-08,E0496,C012,P025,160.0,133,96,37,0
2026-08,E0116,C005,P018,160.0,124,94,30,0
2026-08,E0019,C004,P007,160.0,143,110,33,0
2026-08,E0033,C009,P030,160.0,102,96,6,0
2026-08,E0018,C010,P026,160.0,148,98,50,0
2026-08,E0365,C003,P020,160.0,131,118,13,0
2026-08,E0359,C007,P005,160.0,221,180,41,61
2026-08,E0289,C010,P035,160.0,179,125,54,19
2026-08,E0344,C004,P012,160.0,129,106,23,0
2026-08,E0114,C002,P033,160.0,119,84,35,0
2026-08,E0482,C007,P025,160.0,127,87,40,0
2026-08,E0090,C003,P035,160.0,169,117,52,9
2026-08,E0473,C003,P032,160.0,169,149,20,9
2026-08,E0278,C003,P004,160.0,179,166,13,19
2026-08,E0046,C009,P015,160.0,123,88,35,0
2026-08,E0438,C007,P008,160.0,156,140,16,0
2026-08,E0023,C008,P028,160.0,125,115,10,0
2026-08,E0284,C005,P034,160.0,185,156,29,25
2026-08,E0236,C006,P033,160.0,124,95,29,0
2026-08,E0225,C009,P018,160.0,114,75,39,0
2026-08,E0127,C002,P020,160.0,118,90,28,0
2026-08,E0051,C007,P013,160.0,144,108,36,0
2026-08,E0235,C012,P020,160.0,161,112,49,1
2026-08,E0264,C001,P005,160.0,160,121,39,0
2026-08,E0094,C012,P031,160.0,119,105,14,0
2026-08,E0177,C005,P030,160.0,135,116,19,0
2026-08,E0299,C012,P011,160.0,132,89,43,0
2026-08,E0301,C001,P034,160.0,116,97,19,0
2026-08,E0028,C012,P023,160.0,132,108,24,0
2026-08,E0419,C003,P007,160.0,178,164,14,18
2026-08,E0286,C002,P004,160.0,113,86,27,0
2026-08,E0364,C004,P009,160.0,150,135,15,0
2026-08,E0231,C006,P004,160.0,178,161,17,18
2026-08,E0170,C011,P012,160.0,177,162,15,17
2026-08,E0206,C999,P019,160.0,186,163,23,26
2026-08,E0083,C008,P034,160.0,152,126,26,0
2026-08,E0390,C011,P003,160.0,156,135,21,0
2026-08,E0406,C007,P026,160.0,132,89,43,0
2026-08,E0336,C011,P005,160.0,112,84,28,0
2026-08,E0273,C005,P024,160.0,141,92,49,0
2026-08,E0006,C001,P007,160.0,172,143,29,12
2026-08,E0047,C002,P010,160.0,90,76,14,0
2026-08,E0021,C011,P001,160.0,133,91,42,0
2026-08,E0350,C001,P018,160.0,158,143,15,0
2026-08,E0112,C010,P004,160.0,145,136,9,0
2026-08,E0141,C004,P026,160.0,175,118,57,15
2026-08,E0068,C006,P034,160.0,169,127,42,9
2026-08,E0061,C009,P003,160.0,109,101,8,0
2026-08,E0308,C009,P003,160.0,147,121,26,0
2026-08,E0147,C009,P032,160.0,126,106,20,0
2026-08,E0073,C008,P014,160.0,126,113,13,0
2026-08,E0341,C005,P015,160.0,111,78,33,0
2026-08,E0402,C008,P015,160.0,151,132,19,0
2026-08,E0103,C012,P027,160.0,176,152,24,16
2026-08,E0459,C009,P031,160.0,153,139,14,0
2026-08,E0221,C004,P012,160.0,110,85,25,0
2026-08,E0082,C009,P022,160.0,143,99,44,0
2026-08,E0187,C006,P020,160.0,157,120,37,0
2026-08,E0216,C008,P009,160.0,141,128,13,0
2026-08,E0215,C010,P012,160.0,152,138,14,0
2026-08,E0040,C001,P009,160.0,128,111,17,0
2026-08,E0238,C010,P012,160.0,139,103,36,0
2026-08,E0384,C004,P004,160.0,137,108,29,0
2026-08,E0445,C008,P025,160.0,181,159,22,21
2026-08,E0270,C008,P033,160.0,119,90,29,0
2026-08,E0309,C002,P011,160.0,92,69,23,0
2026-08,E0322,C008,P002,160.0,179,135,44,19
2026-08,E0261,C010,P014,160.0,147,118,29,0
2026-08,E0313,C004,P029,160.0,115,84,31,0
2026-08,E0115,C003,P035,160.0,167,155,12,7
2026-08,E0433,C008,P004,160.0,159,134,25,0
2026-08,E0175,C005,P019,160.0,185,121,64,25
2026-08,E0136,C007,P019,160.0,149,121,28,0
2026-08,E0009,C004,P034,160.0,204,154,50,44
2026-08,E0158,C006,P011,160.0,142,112,30,0
2026-08,E0276,C009,P005,160.0,159,105,54,0
2026-08,E0252,C004,P013,160.0,162,117,45,2
2026-08,E0495,C010,P005,160.0,222,193,29,62
2026-08,E0248,C011,P026,160.0,134,105,29,0
2026-08,E0357,C010,P029,160.0,133,97,36,0
2026-08,E0217,C003,P017,160.0,163,137,26,3
2026-08,E0461,C012,P024,160.0,113,101,12,0
2026-08,E0029,C012,P013,160.0,126,92,34,0
2026-08,E0325,C009,P011,160.0,141,133,8,0
2026-08,E0054,C012,P013,160.0,184,120,64,24
2026-08,E0233,C002,P002,160.0,163,131,32,3
2026-08,E0228,C001,P006,160.0,146,135,11,0
2026-08,E0281,C011,P014,160.0,132,124,8,0
2026-08,E0378,C005,P007,160.0,92,85,7,0
2026-08,E0416,C008,P030,160.0,196,167,29,36
2026-08,E0439,C001,P026,160.0,143,103,40,0
2026-08,E0253,C011,P028,160.0,126,99,27,0
2026-08,E0499,C009,P013,160.0,201,152,49,41
2026-08,E0428,C003,P002,160.0,114,79,35,0
2026-08,E0140,C002,P011,160.0,177,150,27,17
2026-08,E0411,C005,P014,160.0,145,108,37,0
2026-08,E0323,C005,P007,160.0,163,153,10,3
2026-08,E0220,C006,P032,160.0,158,144,14,0
2026-08,E0242,C002,P003,160.0,162,106,56,2
2026-08,E0447,C012,P029,160.0,204,147,57,44
2026-08,E0316,C005,P006,160.0,199,162,37,39
2026-08,E0484,C001,P008,160.0,127,110,17,0
2026-08,E0443,C003,P022,160.0,157,106,51,0
2026-08,E0091,C008,P010,160.0,100,130,-30,0
2026-08,E0057,C004,P006,160.0,165,156,9,5
2026-08,E0377,C003,P022,160.0,171,125,46,11
2026-08,E0474,C007,P019,160.0,93,72,21,0
2026-08,E0408,C010,P026,160.0,144,130,14,0
2026-08,E0108,C007,P012,160.0,163,115,48,3
2026-08,E0282,C007,P013,160.0,153,139,14,0
2026-08,E0126,C010,P004,160.0,114,91,23,0
2026-08,E0451,C008,P001,160.0,116,108,8,0
2026-08,E0326,C005,P011,160.0,141,127,14,0
2026-08,E0230,C006,P009,160.0,134,103,31,0
2026-08,E0142,C007,P023,160.0,136,104,32,0
2026-08,E0453,C009,P006,160.0,111,102,9,0
2026-08,E0421,C004,P032,160.0,145,137,8,0
2026-08,E0432,C011,P034,160.0,185,146,39,25
2026-08,E0063,C012,P027,160.0,115,107,8,0
2026-08,E0412,C008,P004,160.0,139,122,17,0
2026-08,E0002,C001,P011,160.0,160,138,22,0
2026-08,E0184,C005,P029,160.0,106,98,8,0
2026-08,E0285,C010,P017,160.0,146,128,18,0
2026-08,E0209,C006,P030,160.0,170,139,31,10
2026-08,E0149,C009,P002,160.0,120,82,38,0
2026-08,E0381,C002,P010,160.0,148,119,29,0
2026-08,E0305,C001,P027,160.0,168,158,10,8
2026-08,E0272,C004,P031,160.0,203,161,42,43
2026-08,E0104,C009,P022,160.0,147,132,15,0
2026-08,E0405,C001,P032,160.0,127,120,7,0
2026-08,E0085,C001,P010,160.0,99,91,8,0
2026-08,E0375,C005,P029,160.0,127,89,38,0
2026-08,E0246,C001,P011,160.0,110,72,38,0
2026-08,E0410,C001,P032,160.0,187,141,46,27
2026-08,E0260,C012,P025,160.0,167,156,11,7
2026-08,E0133,C012,P031,160.0,116,84,32,0
2026-08,E0059,C004,P016,160.0,125,116,9,0
2026-08,E0414,C012,P030,160.0,146,128,18,0
2026-08,E0335,C009,P032,160.0,170,143,27,10
2026-08,E0030,C008,P025,160.0,157,147,10,0
2026-08,E0178,C004,P011,160.0,155,124,31,0
2026-08,E0456,C009,P028,160.0,150,102,48,0
2026-08,E0053,C004,P005,160.0,118,97,21,0
2026-08,E0204,C002,P024,160.0,147,116,31,0
2026-08,E0361,C010,P001,160.0,144,134,10,0
2026-08,E0389,C008,P018,160.0,109,83,26,0
2026-08,E0397,C009,P013,160.0,186,154,32,26
2026-08,E0194,C012,P021,160.0,130,96,34,0
2026-08,E0020,C010,P017,160.0,110,103,7,0
2026-08,E0087,C012,P010,160.0,134,92,42,0
2026-08,E0058,C010,P031,160.0,138,98,40,0
2026-08,E0409,C011,P020,160.0,143,126,17,0
2026-08,E0109,C008,P005,160.0,138,93,45,0
2026-08,E0340,C012,P023,160.0,144,128,16,0
2026-08,E0039,C003,P024,160.0,148,134,14,0
2026-08,E0095,C005,P002,160.0,147,125,22,0
2026-09,E0126,C010,P004,160.0,154,123,31,0
2026-09,E0431,C012,P003,160.0,156,112,44,0
2026-09,E0364,C004,P009,160.0,156,147,9,0
2026-09,E0354,C001,P031,160.0,163,113,50,3
2026-09,E0046,C009,P015,160.0,127,112,15,0
2026-09,E0040,C001,P009,160.0,128,90,38,0
2026-09,E0444,C008,P005,160.0,170,138,32,10
2026-09,E0241,C004,P034,160.0,134,123,11,0
2026-09,E0087,C012,P010,160.0,141,119,22,0
2026-09,E0089,C001,P021,160.0,139,127,12,0
2026-09,E0287,C002,P004,160.0,201,142,59,41
2026-09,E0485,C006,P029,160.0,123,109,14,0
2026-09,E0098,C011,P006,160.0,123,100,23,0
2026-09,E0449,C012,P022,160.0,144,115,29,0
2026-09,E0476,C010,P014,160.0,140,105,35,0
2026-09,E0147,C009,P032,160.0,116,93,23,0
2026-09,E0230,C006,P009,160.0,142,124,18,0
2026-09,E0464,C003,P013,160.0,145,125,20,0
2026-09,E0097,C005,P013,160.0,132,115,17,0
2026-09,E0382,C006,P021,160.0,141,132,9,0
2026-09,E0247,C011,P032,160.0,125,88,37,0
2026-09,E0481,C006,P022,160.0,116,95,21,0
2026-09,E0352,C012,P015,160.0,134,115,19,0
2026-09,E0117,C003,P001,160.0,120,98,22,0
2026-09,E0150,C007,P029,160.0,112,91,21,0
2026-09,E0209,C006,P030,160.0,98,63,35,0
2026-09,E0049,C005,P022,160.0,150,138,12,0
2026-09,E0138,C011,P024,160.0,133,97,36,0
2026-09,E0166,C002,P022,160.0,171,156,15,11
2026-09,E0490,C011,P035,160.0,96,89,7,0
2026-09,E0235,C012,P020,160.0,135,114,21,0
2026-09,E0077,C012,P005,160.0,150,115,35,0
2026-09,E0427,C004,P029,160.0,129,91,38,0
2026-09,E0434,C004,P024,160.0,143,126,17,0
2026-09,E0349,C008,P024,160.0,98,74,24,0
2026-09,E0397,C009,P013,160.0,134,121,13,0
2026-09,E0093,C011,P010,160.0,123,84,39,0
2026-09,E0125,C001,P013,160.0,168,121,47,8
2026-09,E0265,C009,P015,160.0,148,119,29,0
2026-09,E0088,C003,P029,160.0,164,135,29,4
2026-09,E0458,C005,P025,160.0,173,139,34,13
2026-09,E0467,C011,P002,160.0,132,90,42,0
2026-09,E0447,C012,P029,160.0,147,136,11,0
2026-09,E0194,C012,P021,160.0,118,87,31,0
2026-09,E0006,C001,P007,160.0,154,111,43,0
2026-09,E0378,C005,P007,160.0,157,103,54,0
2026-09,E0074,C009,P028,160.0,152,107,45,0
2026-09,E0310,C005,P008,160.0,132,100,32,0
2026-09,E0185,C008,P035,160.0,189,129,60,29
2026-09,E0313,C004,P029,160.0,145,111,34,0
2026-09,E0066,C003,P026,160.0,218,195,23,58
2026-09,E0373,C012,P025,160.0,100,130,-30,0
2026-09,E0356,C001,P022,160.0,160,130,30,0
2026-09,E0282,C007,P013,160.0,168,144,24,8
2026-09,E0141,C004,P026,160.0,118,100,18,0
2026-09,E0391,C010,P011,160.0,138,111,27,0
2026-09,E0261,C010,P014,160.0,110,101,9,0
2026-09,E0177,C005,P030,160.0,175,144,31,15
2026-09,E0479,C002,P014,160.0,142,124,18,0
2026-09,E0324,C008,P006,160.0,123,109,14,0
2026-09,E0362,C010,P007,160.0,169,123,46,9
2026-09,E0272,C004,P031,160.0,144,111,33,0
2026-09,E0094,C012,P031,160.0,165,111,54,5
2026-09,E0470,C007,P006,160.0,155,140,15,0
2026-09,E0424,C011,P030,160.0,120,86,34,0
2026-09,E0204,C002,P024,160.0,131,101,30,0
2026-09,E0164,C004,P019,160.0,124,85,39,0
2026-09,E0025,C007,P004,160.0,116,85,31,0
2026-09,E0225,C009,P018,160.0,104,78,26,0
2026-09,E0153,C009,P004,160.0,195,170,25,35
2026-09,E0071,C001,P024,160.0,151,113,38,0
2026-09,E0372,C010,P014,160.0,155,135,20,0
2026-09,E0278,C003,P004,160.0,172,124,48,12
2026-09,E0252,C004,P013,160.0,131,87,44,0
2026-09,E0459,C009,P031,160.0,111,90,21,0
2026-09,E0102,C007,P029,160.0,163,131,32,3
2026-09,E0410,C001,P032,160.0,115,104,11,0
2026-09,E0291,C002,P021,160.0,162,120,42,2
2026-09,E0174,C007,P027,160.0,108,87,21,0
2026-09,E0469,C003,P001,160.0,113,75,38,0
2026-09,E0311,C001,P034,160.0,128,109,19,0
2026-09,E0440,C004,P005,160.0,161,143,18,1
2026-09,E0059,C004,P016,160.0,185,156,29,25
2026-09,E0358,C001,P003,160.0,155,117,38,0
2026-09,E0438,C007,P008,160.0,129,105,24,0
2026-09,E0215,C010,P012,160.0,167,145,22,7
2026-09,E0146,C003,P020,160.0,107,84,23,0
2026-09,E0393,C001,P030,160.0,122,109,13,0
2026-09,E0296,C012,P032,160.0,146,123,23,0
2026-09,E0256,C010,P021,160.0,163,150,13,3
2026-09,E0248,C011,P026,160.0,139,119,20,0
2026-09,E0039,C003,P024,160.0,137,122,15,0
2026-09,E0446,C007,P016,160.0,138,93,45,0
2026-09,E0067,C011,P001,160.0,172,134,38,12
2026-09,E0168,C005,P033,160.0,126,111,15,0
2026-09,E0451,C008,P001,160.0,120,80,40,0
2026-09,E0151,C001,P012,160.0,138,114,24,0
2026-09,E0379,C006,P014,160.0,175,118,57,15
2026-09,E0304,C003,P032,160.0,128,120,8,0
2026-09,E0195,C011,P012,160.0,138,123,15,0
2026-09,E0483,C002,P001,160.0,107,99,8,0
2026-09,E0390,C011,P003,160.0,139,104,35,0
2026-09,E0212,C006,P016,160.0,150,139,11,0
2026-09,E0056,C008,P030,160.0,115,74,41,0
2026-09,E0007,C010,P018,160.0,172,136,36,12
2026-09,E0065,C012,P030,160.0,150,142,8,0
2026-09,E0289,C010,P035,160.0,132,125,7,0
2026-09,E0482,C007,P025,160.0,150,115,35,0
2026-09,E0415,C002,P026,160.0,156,115,41,0
2026-09,E0398,C005,P018,160.0,101,68,33,0
2026-09,E0135,C006,P019,160.0,151,143,8,0
2026-09,E0474,C007,P019,160.0,174,128,46,14
2026-09,E0257,C006,P029,160.0,125,87,38,0
2026-09,E0160,C001,P021,160.0,132,97,35,0
2026-09,E0400,C006,P026,160.0,136,93,43,0
2026-09,E0412,C008,P004,160.0,164,149,15,4
2026-09,E0334,C010,P031,160.0,118,91,27,0
2026-09,E0360,C007,P026,160.0,155,114,41,0
2026-09,E0336,C011,P005,160.0,136,128,8,0
2026-09,E0222,C008,P028,160.0,186,123,63,26
2026-09,E0368,C001,P028,160.0,138,110,28,0
2026-09,E0309,C002,P011,160.0,89,66,23,0
2026-09,E0421,C004,P032,160.0,160,149,11,0
2026-09,E0027,C011,P013,160.0,154,137,17,0
2026-09,E0406,C007,P026,160.0,149,133,16,0
2026-09,E0069,C012,P035,160.0,174,128,46,14
2026-09,E0374,C001,P005,160.0,104,82,22,0
2026-09,E0064,C011,P006,160.0,122,89,33,0
2026-09,E0341,C005,P015,160.0,143,97,46,0
2026-09,E0062,C002,P029,160.0,147,118,29,0
2026-09,E0445,C008,P025,160.0,140,109,31,0
2026-09,E0145,C008,P002,160.0,107,95,12,0
2026-09,E0214,C005,P026,160.0,132,99,33,0
2026-09,E0347,C001,P028,160.0,184,137,47,24
2026-09,E0396,C006,P006,160.0,117,84,33,0
2026-09,E0231,C006,P004,160.0,143,132,11,0
2026-09,E0422,C002,P033,160.0,155,123,32,0
2026-09,E0207,C004,P014,160.0,163,131,32,3
2026-09,E0275,C999,P024,160.0,160,113,47,0
2026-09,E0340,C012,P023,160.0,131,93,38,0
2026-09,E0409,C011,P020,160.0,122,113,9,0
2026-09,E0024,C007,P031,160.0,187,126,61,27
2026-09,E0234,C005,P010,160.0,166,152,14,6
2026-09,E0452,C011,P010,160.0,145,101,44,0
2026-09,E0015,C007,P021,160.0,178,124,54,18
2026-09,E0131,C002,P001,160.0,107,100,7,0
2026-09,E0110,C007,P017,160.0,111,92,19,0
2026-09,E0014,C011,P005,160.0,90,60,30,0
2026-09,E0387,C009,P024,160.0,147,96,51,0
2026-09,E0405,C001,P032,160.0,148,110,38,0
2026-09,E0411,C005,P014,160.0,109,100,9,0
2026-09,E0242,C002,P003,160.0,165,138,27,5
2026-09,E0018,C010,P026,,97,74,23,0
2026-09,E0273,C005,P024,160.0,152,106,46,0
2026-09,E0152,C002,P032,160.0,158,126,32,0
2026-09,E0213,C010,P003,160.0,147,99,48,0
2026-09,E0206,C999,P019,160.0,106,96,10,0
2026-09,E0210,C012,P026,160.0,173,135,38,13
2026-09,E0472,C012,P014,160.0,131,115,16,0
2026-09,E0461,C012,P024,160.0,131,95,36,0
2026-09,E0267,C012,P004,160.0,127,94,33,0
2026-09,E0030,C008,P025,160.0,161,127,34,1
2026-09,E0193,C008,P027,160.0,130,90,40,0
2026-09,E0274,C007,P027,160.0,115,92,23,0
2026-09,E0158,C006,P011,160.0,168,156,12,8
2026-09,E0487,C012,P006,160.0,142,108,34,0
2026-09,E0127,C002,P020,160.0,169,150,19,9
2026-09,E0191,C004,P011,160.0,144,93,51,0
2026-09,E0465,C999,P004,160.0,125,89,36,0
2026-09,E0208,C003,P002,160.0,100,70,30,0
2026-09,E0104,C009,P022,160.0,147,107,40,0
2026-09,E0299,C012,P011,160.0,136,90,46,0
2026-09,E0407,C010,P003,160.0,162,146,16,2
2026-09,E0198,C003,P027,160.0,129,102,27,0
2026-09,E0322,C008,P002,160.0,153,108,45,0
2026-09,E0189,C006,P008,160.0,143,102,41,0
2026-09,E0182,C011,P034,160.0,123,93,30,0
2026-09,E0033,C009,P030,160.0,131,120,11,0
2026-09,E0314,C007,P002,160.0,111,103,8,0
2026-09,E0351,C007,P013,160.0,189,125,64,29
2026-09,E0029,C012,P013,160.0,152,126,26,0
2026-09,E0190,C001,P026,160.0,109,72,37,0
2026-09,E0123,C004,P020,160.0,187,160,27,27
2026-09,E0096,C006,P004,160.0,117,98,19,0
2026-09,E0443,C003,P022,160.0,129,100,29,0
2026-09,E0321,C005,P004,160.0,138,95,43,0
2026-09,E0292,C008,P007,160.0,144,107,37,0
2026-09,E0061,C009,P003,160.0,161,141,20,1
2026-09,E0223,C009,P032,160.0,95,84,11,0
2026-09,E0115,C003,P035,160.0,144,131,13,0
2026-09,E0380,C003,P034,160.0,136,111,25,0
2026-09,E0081,C008,P002,160.0,148,130,18,0
2026-09,E0253,C011,P028,160.0,135,123,12,0
2026-09,E0211,C007,P017,160.0,132,86,46,0
2026-09,E0394,C007,P027,160.0,140,109,31,0
2026-09,E0107,C005,P020,160.0,185,120,65,25
2026-09,E0414,C012,P030,160.0,132,107,25,0
2026-09,E0236,C006,P033,160.0,172,146,26,12
2026-09,E0134,C003,P023,160.0,147,118,29,0
2026-09,E0268,C002,P007,160.0,145,111,34,0
2026-09,E0333,C010,P022,160.0,148,109,39,0
2026-09,E0284,C005,P034,160.0,155,106,49,0
2026-09,E0054,C012,P013,160.0,134,113,21,0
2026-09,E0057,C004,P006,160.0,170,134,36,10
2026-09,E0339,C008,P001,160.0,155,103,52,0
2026-09,E0005,C005,P029,160.0,113,87,26,0
2026-09,E0038,C003,P022,160.0,90,78,12,0
2026-09,E0497,C005,P008,160.0,184,165,19,24
2026-09,E0173,C008,P010,160.0,149,138,11,0
2026-09,E0095,C005,P002,160.0,110,99,11,0
2026-09,E0325,C008,P003,160.0,132,102,30,0
2026-09,E0471,C011,P025,160.0,166,131,35,6
2026-09,E0429,C012,P026,160.0,139,129,10,0
2026-09,E0392,C002,P019,160.0,141,116,25,0
2026-09,E0091,C008,P010,160.0,160,120,40,0
2026-09,E0270,C008,P033,160.0,151,126,25,0
2026-09,E0416,C008,P030,160.0,157,118,39,0
2026-09,E0161,C008,P007,160.0,160,122,38,0
2026-09,E0388,C012,P024,160.0,126,91,35,0
2026-09,E0121,C006,P009,160.0,128,114,14,0
2026-09,E0184,C005,P029,160.0,123,98,25,0
2026-09,E0307,C002,P027,160.0,129,117,12,0
2026-09,E0338,C007,P012,160.0,140,105,35,0
2026-09,E0330,C012,P018,160.0,142,124,18,0
2026-09,E0294,C002,P024,160.0,177,166,11,17
2026-09,E0237,C008,P018,160.0,150,133,17,0
2026-09,E0383,C001,P013,160.0,140,92,48,0
2026-09,E0178,C004,P011,160.0,207,195,12,47
2026-09,E0197,C002,P011,160.0,118,100,18,0
2026-09,E0370,C006,P020,160.0,136,99,37,0
2026-09,E0281,C011,P014,160.0,187,146,41,27
2026-09,E0050,C009,P012,160.0,186,167,19,26
2026-09,E0430,C011,P018,160.0,135,109,26,0
2026-09,E0103,C012,P027,160.0,103,87,16,0
2026-09,E0418,C007,P016,160.0,132,111,21,0
2026-09,E0108,C007,P012,160.0,178,123,55,18
2026-09,E0244,C010,P030,160.0,140,121,19,0
2026-09,E0496,C012,P025,160.0,160,104,56,0
2026-09,E0116,C005,P018,160.0,143,130,13,0
2026-09,E0034,C008,P003,160.0,108,87,21,0
2026-09,E0218,C005,P024,160.0,144,114,30,0
2026-09,E0251,C012,P029,160.0,164,112,52,4
2026-09,E0183,C010,P008,160.0,129,118,11,0
2026-09,E0170,C011,P012,160.0,163,150,13,3
2026-09,E0498,C010,P013,160.0,145,123,22,0
2026-09,E0454,C005,P029,160.0,162,143,19,2
2026-09,E0419,C003,P007,160.0,151,99,52,0
2026-09,E0375,C005,P029,160.0,120,95,25,0
2026-09,E0011,C002,P029,160.0,136,103,33,0
2026-09,E0076,C011,P035,160.0,135,105,30,0
2026-09,E0165,C007,P015,160.0,128,102,26,0
2026-09,E0053,C004,P030,160.0,149,105,44,0
2026-09,E0303,C010,P027,160.0,192,156,36,32
2026-09,E0085,C001,P010,160.0,170,148,22,10
2026-09,E0381,C002,P010,160.0,174,135,39,14
2026-09,E0149,C009,P002,160.0,126,100,26,0
2026-09,E0403,C007,P014,160.0,174,129,45,14
2026-09,E0070,C006,P004,160.0,183,123,60,23
2026-09,E0308,C009,P003,160.0,126,95,31,0
2026-09,E0205,C008,P032,160.0,154,127,27,0
2026-09,E0326,C005,P011,160.0,155,101,54,0
2026-09,E0192,C007,P003,160.0,138,98,40,0
2026-09,E0359,C007,P005,160.0,147,107,40,0
2026-09,E0475,C012,P009,160.0,156,104,52,0
2026-09,E0004,C008,P017,160.0,139,120,19,0
2026-09,E0220,C006,P032,160.0,169,156,13,9
2026-09,E0202,C010,P015,160.0,113,90,23,0
2026-09,E0484,C001,P008,160.0,135,124,11,0
2026-09,E0305,C001,P027,160.0,161,148,13,1
2026-09,E0402,C006,P006,160.0,189,129,60,29
2026-09,E0199,C003,P017,160.0,170,131,39,10
2026-09,E0500,C008,P021,160.0,147,116,31,0
2026-09,E0167,C008,P028,160.0,140,104,36,0
2026-09,E0320,C004,P032,160.0,136,126,10,0
2026-09,E0221,C004,P012,160.0,136,115,21,0
2026-09,E0063,C012,P027,160.0,100,69,31,0
2026-09,E0455,C002,P024,160.0,187,170,17,27
2026-09,E0285,C010,P017,160.0,142,118,24,0
2026-09,E0155,C006,P025,160.0,124,115,9,0
2026-09,E0260,C012,P025,160.0,154,106,48,0
2026-09,E0122,C003,P020,160.0,126,117,9,0
2026-09,E0172,C009,P028,160.0,166,143,23,6
2026-09,E0473,C003,P032,160.0,125,97,28,0
2026-09,E0080,C001,P019,160.0,162,135,27,2
2026-09,E0111,C006,P033,160.0,136,127,9,0
2026-09,E0348,C007,P027,160.0,150,137,13,0
2026-09,E0369,C012,P030,160.0,164,132,32,4
2026-09,E0112,C010,P004,160.0,131,103,28,0
2026-09,E0175,C005,P019,160.0,164,142,22,4
2026-09,E0353,C004,P011,160.0,101,78,23,0
2026-09,E0478,C001,P016,160.0,181,156,25,21
2026-09,E0162,C011,P022,160.0,168,111,57,8
2026-09,E0109,C008,P005,160.0,141,102,39,0
2026-09,E0240,C011,P034,160.0,173,124,49,13
2026-09,E0224,C006,P006,160.0,170,129,41,10
2026-09,E0216,C008,P009,160.0,143,125,18,0
2026-09,E0499,C009,P013,160.0,143,135,8,0
2026-09,E0042,C011,P019,160.0,121,106,15,0
2026-09,E0316,C005,P006,160.0,145,104,41,0
2026-09,E0367,C006,P019,160.0,108,83,25,0
2026-09,E0144,C004,P009,160.0,162,116,46,2
2026-09,E0389,C008,P018,160.0,162,150,12,2
2026-09,E0365,C008,P029,160.0,101,80,21,0
2026-09,E0072,C002,P014,160.0,178,148,30,18
2026-09,E0276,C009,P005,160.0,128,102,26,0
2026-09,E0423,C004,P033,160.0,215,151,64,55
2026-09,E0488,C011,P007,160.0,149,102,47,0
2026-09,E0227,C002,P026,160.0,178,156,22,18
2026-09,E0492,C003,P021,160.0,121,97,24,0
202601,E0181,C003,P016,160.0,136,92,44,0
2026-09,E0344,C004,P012,160.0,130,99,31,0
2026-09,E0073,C008,P014,160.0,107,95,12,0
2026-09,E0386,C010,P005,160.0,113,82,31,0
2026-09,E0489,C005,P030,160.0,140,112,28,0
2026-09,E0494,C012,P032,160.0,153,125,28,0
2026-09,E0345,C005,P015,160.0,118,102,16,0
2026-09,E0384,C004,P004,160.0,135,124,11,0
2026-09,E0439,C001,P026,160.0,126,118,8,0
2026-09,E0159,C010,P033,160.0,142,92,50,0
2026-09,E0315,C002,P007,160.0,160,125,35,0
2026-09,E0233,C002,P002,160.0,146,109,37,0
2026-09,E0009,C004,P034,160.0,129,102,27,0
2026-09,E0217,C003,P017,160.0,169,143,26,9
2026-09,E0003,C012,P035,160.0,152,118,34,0
2026-09,E0466,C004,P016,160.0,147,108,39,0
2026-09,E0201,C010,P015,160.0,119,79,40,0
2026-09,E0187,C006,P020,160.0,166,116,50,6
2026-09,E0099,C010,P033,160.0,154,137,17,0
2026-09,E0008,C005,P026,160.0,156,116,40,0
2026-09,E0058,C010,P031,160.0,138,112,26,0
2026-09,E0075,C008,P033,160.0,134,97,37,0
2026-09,E0226,C009,P012,160.0,188,132,56,28
2026-09,E0023,C008,P028,160.0,133,105,28,0
2026-09,E0130,C006,P011,160.0,114,86,28,0
2026-09,E0228,C001,P006,160.0,148,124,24,0
2026-09,E0246,C001,P011,160.0,143,93,50,0
2026-09,E0283,C012,P009,160.0,170,125,45,10
2026-09,E0271,C003,P008,160.0,140,94,46,0
2026-09,E0047,C002,P010,160.0,159,130,29,0
2026-09,E0453,C009,P006,160.0,180,119,61,20
2026-09,E0441,C001,P005,160.0,153,108,45,0
2026-09,E0448,C001,P034,160.0,120,96,24,0
2026-09,E0092,C006,P019,160.0,100,93,7,0
2026-09,E0254,C012,P019,160.0,154,139,15,0
2026-09,E0219,C010,P017,160.0,135,92,43,0
2026-09,E0021,C011,P001,160.0,150,119,31,0
2026-09,E0238,C010,P012,160.0,143,108,35,0
2026-09,E0037,C009,P009,160.0,114,95,19,0
2026-09,E0357,C010,P029,160.0,140,102,38,0
2026-09,E0302,C005,P019,160.0,118,108,10,0
2026-09,E0082,C009,P022,160.0,132,117,15,0
2026-09,E0051,C002,P016,160.0,166,109,57,6
2026-09,E0477,C002,P019,160.0,145,107,38,0
2026-09,E0395,C001,P012,160.0,157,119,38,0
2026-09,E0323,C005,P007,160.0,147,115,32,0
2026-09,E0079,C003,P032,160.0,137,128,9,0
2026-09,E0408,C010,P026,160.0,150,119,31,0
2026-09,E0250,C008,P028,160.0,104,89,15,0
2026-09,E0084,C003,P020,160.0,162,114,48,2
2026-09,E0428,C003,P002,160.0,124,101,23,0
2026-09,E0001,C007,P016,160.0,156,145,11,0
2026-09,E0301,C001,P034,160.0,136,109,27,0
2026-09,E0113,C011,P023,160.0,114,75,39,0
2026-09,E0019,C004,P007,160.0,127,92,35,0
2026-09,E0010,C011,P001,160.0,156,145,11,0
2026-10,E0204,C002,P024,160.0,197,151,46,37
2026-10,E0272,C004,P031,160.0,142,114,28,0
2026-10,E0117,C003,P001,160.0,193,140,53,33
2026-10,E0378,C005,P007,160.0,104,89,15,0
2026-10,E0034,C002,P003,160.0,82,76,6,0
2026-10,E0225,C009,P018,160.0,137,109,28,0
2026-10,E0219,C010,P017,160.0,142,115,27,0
2026-10,E0091,C008,P010,160.0,157,148,9,0
2026-10,E0170,C011,P012,160.0,128,119,9,0
2026-10,E0297,C009,P009,160.0,152,130,22,0
2026-10,E0040,C001,P009,160.0,139,109,30,0
2026-10,E0133,C012,P031,160.0,174,138,36,14
2026-10,E0109,C008,P005,160.0,148,112,36,0
2026-10,E0370,C006,P020,160.0,212,149,63,52
2026-10,E0114,C002,P033,160.0,139,127,12,0
2026-10,E0193,C008,P027,160.0,172,116,56,12
2026-10,E0385,C010,P032,160.0,181,150,31,21
2026-10,E0421,C004,P032,160.0,84,69,15,0
2026-10,E0253,C011,P028,160.0,162,109,53,2
2026-10,E0014,C011,P005,160.0,113,106,7,0
2026-10,E0254,C012,P019,160.0,138,112,26,0
2026-10,E0043,C003,P018,160.0,117,79,38,0
2026-10,E0144,C004,P009,160.0,174,164,10,14
2026-10,E0354,C001,P031,160.0,130,109,21,0
2026-10,E0311,C001,P034,160.0,103,67,36,0
2026-10,E0168,C005,P033,160.0,149,109,40,0
2026-10,E0329,C002,P020,160.0,179,119,60,19
2026-10,E0095,C005,P002,160.0,117,78,39,0
2026-10,E0085,C001,P010,160.0,165,141,24,5
2026-10,E0324,C008,P006,160.0,97,73,24,0
2026-10,E0184,C005,P029,160.0,181,129,52,21
2026-10,E0037,C009,P009,160.0,153,118,35,0
2026-10,E0068,C006,P034,160.0,115,90,25,0
2026-10,E0400,C006,P026,160.0,163,129,34,3
2026-10,E0041,C008,P006,160.0,131,106,25,0
2026-10,E0234,C005,P010,160.0,121,81,40,0
2026-10,E0305,C001,P027,160.0,130,112,18,0
2026-10,E0315,C002,P007,160.0,160,122,38,0
2026-10,E0009,C004,P034,160.0,120,92,28,0
2026-10,E0364,C004,P009,160.0,89,60,29,0
2026-10,E0420,C011,P035,160.0,132,98,34,0
2026-10,E0099,C010,P033,160.0,176,129,47,16
2026-10,E0422,C002,P033,160.0,175,137,38,15
2026-10,E0186,C008,P016,160.0,130,85,45,0
2026-10,E0214,C005,P026,160.0,130,119,11,0
2026-10,E0023,C008,P028,160.0,128,93,35,0
2026-10,E0467,C011,P002,160.0,127,87,40,0
2026-10,E0064,C011,P006,160.0,129,89,40,0
2026-10,E0461,C012,P024,160.0,150,126,24,0
2026-10,E0138,C011,P024,160.0,176,143,33,16
2026-10,E0004,C008,P017,160.0,120,87,33,0
2026-10,E0220,C006,P032,160.0,124,100,24,0
2026-10,E0002,C001,P011,160.0,153,119,34,0
2026-10,E0332,C008,P018,160.0,161,146,15,1
2026-10,E0464,C003,P013,160.0,107,101,6,0
2026-10,E0223,C009,P032,160.0,108,77,31,0
2026-10,E0334,C010,P031,160.0,186,135,51,26
2026-10,E0072,C002,P014,160.0,88,81,7,0
2026-10,E0131,C002,P001,160.0,136,103,33,0
2026-10,E0484,C001,P008,160.0,110,99,11,0
2026-10,E0021,C011,P001,160.0,106,89,17,0
2026-10,E0437,C006,P013,160.0,105,94,11,0
2026-10,E0323,C005,P007,160.0,172,113,59,12
2026-10,E0046,C009,P015,160.0,145,111,34,0
2026-10,E0011,C002,P029,160.0,172,137,35,12
2026-10,E0381,C002,P010,160.0,141,106,35,0
2026-10,E0280,C005,P034,160.0,171,118,53,11
2026-10,E0336,C011,P005,160.0,140,107,33,0
2026-10,E0379,C006,P014,160.0,72,61,11,0
2026-10,E0222,C008,P028,160.0,157,130,27,0
2026-10,E0165,C007,P015,160.0,142,126,16,0
2026-10,E0402,C006,P006,160.0,139,104,35,0
2026-10,E0362,C010,P007,160.0,122,100,22,0
2026-10,E0434,C004,P024,160.0,161,130,31,1
2026-10,E0140,C002,P008,160.0,117,105,12,0
2026-10,E0398,C005,P018,160.0,161,124,37,1
2026-10,E0288,C012,P001,160.0,147,109,38,0
2026-10,E0360,C007,P026,160.0,161,145,16,1
2026-10,E0147,C009,P032,160.0,149,141,8,0
2026-10,E0199,C003,P017,160.0,174,127,47,14
2026-10,E0374,C001,P005,160.0,155,111,44,0
2026-10,E0265,C009,P015,160.0,147,120,27,0
2026-10,E0282,C007,P013,160.0,87,75,12,0
2026-10,E0492,C003,P021,160.0,175,144,31,15
2026-10,E0407,C010,P003,160.0,105,85,20,0
2026-10,E0316,C005,P006,160.0,111,74,37,0
2026-10,E0209,C006,P030,160.0,164,112,52,4
2026-10,E0431,C012,P003,160.0,145,130,15,0
2026-10,E0445,C008,P025,160.0,106,91,15,0
2026-10,E0167,C008,P028,160.0,129,99,30,0
2026-10,E0375,C005,P029,160.0,174,133,41,14
2026-10,E0102,C007,P029,160.0,148,103,45,0
2026-10,E0416,C008,P030,160.0,145,96,49,0
2026-10,E0150,C007,P029,160.0,127,114,13,0
2026-10,E0469,C003,P001,160.0,165,142,23,5
2026-10,E0213,C010,P003,160.0,141,119,22,0
2026-10,E0250,C008,P028,160.0,160,126,34,0
2026-10,E0174,C007,P027,160.0,124,87,37,0
2026-10,E0397,C009,P013,160.0,197,158,39,37
2026-10,E0025,C007,P004,160.0,179,155,24,19
2026-10,E0270,C008,P033,160.0,148,125,23,0
2026-10,E0235,C012,P020,160.0,153,122,31,0
2026-10,E0321,C005,P004,160.0,130,119,11,0
2026-10,E0134,C003,P023,160.0,162,112,50,2
2026-10,E0230,C006,P009,160.0,91,79,12,0
2026-10,E0075,C008,P033,160.0,186,172,14,26
2026-10,E0369,C012,P030,160.0,160,137,23,0
2026-10,E0205,C008,P032,160.0,120,78,42,0
2026-10,E0122,C003,P020,160.0,185,126,59,25
2026-10,E0232,C007,P006,160.0,194,150,44,34
2026-10,E0241,C008,P020,160.0,154,133,21,0
2026-10,E0238,C010,P012,160.0,125,88,37,0
2026-10,E0384,C004,P004,160.0,146,131,15,0
2026-10,E0264,C001,P005,160.0,158,108,50,0
2026-10,E0257,C006,P029,160.0,152,143,9,0
2026-10,E0393,C001,P030,160.0,120,98,22,0
2026-10,E0273,C005,P024,160.0,157,144,13,0
2026-10,E0211,C007,P017,160.0,173,122,51,13
2026-10,E0194,C012,P021,160.0,114,95,19,0
2026-10,E0188,C001,P016,160.0,117,87,30,0
2026-10,E0229,C010,P001,160.0,129,90,39,0
2026-10,E0079,C003,P032,160.0,139,100,39,0
2026-10,E0313,C004,P029,160.0,165,129,36,5
2026-10,E0121,C006,P009,160.0,173,162,11,13
2026-10,E0474,C007,P019,160.0,124,96,28,0
2026-10,E0127,C002,P020,160.0,149,103,46,0
2026-10,E0112,C010,P004,160.0,172,147,25,12
2026-10,E0335,C009,P032,160.0,199,182,17,39
2026-10,E0483,C002,P001,160.0,149,116,33,0
2026-10,E0367,C011,P010,160.0,151,120,31,0
2026-10,E0368,C001,P028,160.0,154,127,27,0
2026-10,E0466,C004,P016,160.0,137,102,35,0
2026-10,E0458,C005,P025,160.0,147,123,24,0
2026-10,E0216,C008,P009,160.0,95,74,21,0
2026-10,E0178,C004,P011,160.0,130,94,36,0
2026-10,E0125,C001,P013,160.0,157,126,31,0
2026-10,E0226,C009,P012,160.0,122,86,36,0
2026-10,E0084,C003,P020,160.0,166,111,55,6
2026-10,E0276,C009,P005,160.0,102,70,32,0
2026-10,E0066,C003,P026,160.0,165,142,23,5
2026-10,E0382,C006,P021,160.0,165,140,25,5
2026-10,E0371,C008,P015,160.0,200,132,68,40
2026-10,E0387,C009,P024,160.0,136,113,23,0
2026-10,E0236,C006,P033,160.0,145,109,36,0
2026-10,E0031,C001,P003,160.0,183,134,49,23
2026-10,E0498,C010,P013,160.0,179,163,16,19
2026-10,E0356,C001,P022,160.0,170,127,43,10
2026-10,E0365,C008,P029,160.0,153,139,14,0
2026-10,E0326,C005,P011,160.0,182,147,35,22
2026-10,E0093,C011,P010,160.0,211,184,27,51
2026-10,E0221,C004,P012,160.0,159,149,10,0
2026-10,E0304,C003,P032,160.0,146,121,25,0
2026-10,E0388,C012,P024,160.0,163,129,34,3
2026-10,E0107,C005,P020,160.0,149,130,19,0
2026-10,E0256,C010,P021,160.0,138,102,36,0
2026-10,E0477,C002,P019,160.0,166,111,55,6
2026-10,E0359,C002,P009,160.0,132,120,12,0
2026-10,E0452,C011,P010,160.0,159,147,12,0
2026-10,E0101,C005,P029,160.0,107,91,16,0
2026-10,E0159,C010,P033,160.0,187,140,47,27
2026-10,E0092,C006,P019,160.0,125,91,34,0
2026-10,E0380,C003,P034,160.0,111,73,38,0
2026-10,E0116,C005,P018,,178,117,61,18
2026-10,E0090,C003,P035,160.0,183,148,35,23
2026-10,E0383,C001,P013,160.0,153,138,15,0
2026-10,E0465,C006,P033,160.0,142,102,40,0
2026-10,E0275,C999,P024,160.0,136,106,30,0
2026-10,E0358,C001,P003,160.0,151,123,28,0
2026-10,E0077,C012,P005,160.0,143,132,11,0
2026-10,E0286,C002,P004,160.0,140,130,10,0
2026-10,E0183,C007,P016,160.0,123,99,24,0
2026-10,E0429,C012,P026,160.0,116,75,41,0
2026-10,E0060,C003,P001,160.0,147,131,16,0
2026-10,E0459,C009,P031,160.0,150,138,12,0
2026-10,E0054,C012,P013,160.0,127,90,37,0
2026-10,E0389,C008,P018,160.0,130,108,22,0
2026-10,E0005,C005,P029,160.0,150,104,46,0
2026-10,E0033,C009,P030,160.0,122,96,26,0
2026-10,E0191,C004,P011,160.0,171,141,30,11
2026-10,E0057,C004,P006,160.0,158,117,41,0
2026-10,E0182,C011,P034,160.0,126,106,20,0
2026-10,E0274,C004,P010,160.0,157,108,49,0
2026-10,E0415,C002,P026,160.0,123,95,28,0
2026-10,E0104,C009,P022,160.0,165,120,45,5
2026-10,E0062,C002,P029,160.0,124,113,11,0
2026-10,E0215,C010,P012,160.0,142,118,24,0
2026-10,E0047,C002,P010,160.0,148,100,48,0
2026-10,E0406,C007,P026,160.0,183,155,28,23
2026-10,E0065,C012,P030,160.0,125,104,21,0
2026-10,E0405,C001,P032,160.0,124,84,40,0
2026-10,E0408,C010,P026,160.0,108,93,15,0
2026-10,E0019,C004,P007,160.0,191,138,53,31
2026-10,E0331,C011,P022,160.0,145,108,37,0
2026-10,E0181,C003,P016,160.0,172,158,14,12
2026-10,E0403,C007,P014,160.0,130,104,26,0
2026-10,E0330,C012,P018,160.0,132,120,12,0
2026-10,E0490,C011,P035,160.0,143,93,50,0
2026-10,E0338,C007,P012,160.0,144,108,36,0
2026-10,E0237,C008,P018,160.0,162,150,12,2
2026-10,E0413,C012,P005,160.0,146,118,28,0
2026-10,E0414,C012,P030,160.0,135,96,39,0
2026-10,E0451,C008,P001,160.0,192,166,26,32
2026-10,E0377,C003,P022,160.0,122,79,43,0
2026-10,E0055,C006,P009,160.0,125,82,43,0
2026-10,E0087,C012,P010,160.0,123,84,39,0
2026-10,E0314,C010,P003,160.0,163,118,45,3
2026-10,E0030,C008,P025,160.0,156,102,54,0
2026-10,E0418,C007,P016,160.0,141,101,40,0
2026-10,E0164,C004,P019,160.0,122,98,24,0
2026-10,E0050,C009,P012,160.0,148,111,37,0
2026-10,E0476,C005,P027,160.0,166,126,40,6
2026-10,E0306,C011,P030,160.0,184,144,40,24
2026-10,E0051,C007,P013,160.0,129,117,12,0
2026-10,E0376,C004,P019,160.0,140,114,26,0
2026-10,E0038,C003,P022,160.0,155,105,50,0
2026-10,E0155,C003,P024,160.0,135,96,39,0
2026-10,E0179,C001,P004,160.0,111,101,10,0
2026-10,E0119,C004,P034,160.0,141,117,24,0
2026-10,E0325,C009,P011,160.0,114,97,17,0
2026-10,E0430,C011,P018,160.0,169,138,31,9
2026-10,E0161,C008,P007,160.0,137,107,30,0
2026-10,E0294,C002,P024,160.0,143,128,15,0
2026-10,E0500,C008,P021,160.0,126,105,21,0
2026-10,E0082,C009,P022,160.0,144,98,46,0
2026-10,E0409,C011,P020,160.0,176,115,61,16
2026-10,E0074,C009,P028,160.0,172,152,20,12
2026-10,E0435,C001,P022,160.0,118,87,31,0
2026-10,E0296,C012,P032,160.0,77,59,18,0
2026-10,E0426,C011,P030,160.0,141,101,40,0
2026-10,E0130,C006,P011,160.0,137,91,46,0
2026-10,E0029,C012,P013,160.0,136,96,40,0
2026-10,E0218,C005,P024,160.0,131,99,32,0
2026-10,E0300,C010,P027,160.0,117,76,41,0
2026-10,E0042,C011,P019,160.0,202,170,32,42
2026-10,E0355,C006,P017,160.0,191,146,45,31
2026-10,E0372,C010,P014,160.0,135,89,46,0
2026-10,E0495,C010,P005,160.0,148,116,32,0
2026-10,E0141,C004,P026,160.0,169,115,54,9
2026-10,E0301,C001,P034,160.0,148,132,16,0
2026-10,E0006,C001,P007,160.0,133,99,34,0
2026-10,E0171,C008,P014,160.0,112,86,26,0
2026-10,E0411,C005,P014,160.0,145,129,16,0
2026-10,E0423,C004,P033,160.0,115,89,26,0
2026-10,E0129,C002,P010,160.0,174,149,25,14
2026-10,E0310,C005,P008,160.0,144,114,30,0
2026-10,E0396,C006,P006,160.0,158,130,28,0
2026-10,E0295,C009,P026,160.0,136,97,39,0
2026-10,E0499,C006,P025,160.0,165,109,56,5
2026-10,E0439,C001,P026,160.0,129,122,7,0
2026-10,E0309,C002,P011,160.0,152,116,36,0
2026-10,E0482,C007,P025,160.0,135,107,28,0
2026-10,E0166,C002,P022,160.0,139,112,27,0
2026-10,E0339,C008,P001,160.0,169,112,57,9
2026-10,E0268,C002,P007,160.0,126,86,40,0
2026-10,E0481,C006,P022,160.0,154,119,35,0
2026-10,E0485,C006,P029,160.0,178,125,53,18
2026-10,E0020,C010,P017,160.0,168,113,55,8
2026-10,E0056,C005,P011,160.0,129,115,14,0
2026-10,E0344,C004,P012,160.0,157,138,19,0
2026-10,E0278,C003,P004,160.0,102,74,28,0
2026-10,E0089,C001,P021,160.0,170,116,54,10
2026-10,E0195,C011,P012,160.0,210,159,51,50
2026-10,E0115,C003,P035,160.0,152,120,32,0
2026-10,E0478,C001,P016,160.0,179,164,15,19
2026-10,E0496,C012,P025,160.0,111,77,34,0
2026-10,E0061,C009,P003,160.0,119,99,20,0
2026-10,E0472,C002,P007,160.0,136,118,18,0
2026-10,E0391,C004,P026,160.0,141,131,10,0
2026-10,E0292,C008,P007,160.0,152,101,51,0
2026-10,E0267,C012,P004,160.0,129,118,11,0
2026-10,E0103,C012,P027,160.0,148,119,29,0
2026-10,E0175,C005,P019,160.0,169,117,52,9
2026-10,E0145,C008,P002,160.0,157,103,54,0
2026-10,E0299,C012,P011,160.0,135,92,43,0
2026-10,E0198,C003,P027,160.0,163,128,35,3
2026-10,E0172,C009,P028,160.0,134,98,36,0
2026-10,E0251,C012,P029,160.0,147,96,51,0
2026-10,E0470,C007,P006,160.0,167,157,10,7
2026-10,E0108,C007,P012,160.0,140,117,23,0
2026-10,E0479,C002,P014,160.0,114,105,9,0
2026-10,E0303,C010,P027,160.0,146,128,18,0
2026-10,E0392,C002,P019,160.0,167,118,49,7
2026-10,E0449,C012,P022,160.0,170,121,49,10
2026-10,E0152,C002,P032,160.0,118,92,26,0
2026-10,E0007,C010,P018,160.0,162,143,19,2
2026-10,E0210,C012,P026,160.0,138,122,16,0
2026-10,E0094,C012,P031,160.0,181,163,18,21
2026-10,E0053,C004,P005,160.0,115,84,31,0
2026-10,E0015,C007,P021,160.0,161,119,42,1
2026-10,E0432,C011,P034,160.0,136,96,40,0
2026-10,E0283,C012,P009,160.0,130,102,28,0
2026-10,E0078,C005,P005,160.0,168,114,54,8
2026-10,E0212,C006,P016,160.0,173,160,13,13
2026-10,E0126,C010,P004,160.0,96,84,12,0
2026-10,E0206,C999,P019,160.0,169,122,47,9
2026-10,E0227,C002,P026,160.0,143,128,15,0
2026-10,E0080,C001,P019,160.0,145,113,32,0
2026-10,E0135,C002,P021,160.0,114,97,17,0
2026-10,E0024,C007,P031,160.0,160,141,19,0
2026-10,E0098,C011,P006,160.0,203,159,44,43
2026-10,E0454,C005,P029,160.0,131,120,11,0
2026-10,E0302,C005,P019,160.0,175,155,20,15
2026-10,E0003,C012,P035,160.0,144,111,33,0
2026-10,E0456,C009,P028,160.0,132,118,14,0
2026-10,E0291,C002,P021,160.0,109,78,31,0
2026-10,E0497,C005,P008,160.0,179,135,44,19
2026-10,E0412,C008,P004,160.0,147,123,24,0
2026-10,E0373,C012,P025,160.0,133,118,15,0
2026-10,E0059,C004,P016,160.0,137,93,44,0
2026-10,E0185,C008,P035,160.0,162,122,40,2
2026-10,E0337,C008,P008,160.0,133,125,8,0
2026-10,E0207,C004,P014,160.0,121,104,17,0
2026-10,E0160,C001,P021,160.0,142,93,49,0
2026-10,E0228,C001,P006,160.0,141,132,9,0
2026-10,E0394,C007,P027,160.0,140,120,20,0
2026-10,E0190,C001,P026,160.0,134,100,34,0
2026-10,E0471,C011,P025,160.0,176,126,50,16
2026-10,E0390,C011,P003,160.0,214,179,35,54
2026-10,E9999,C008,P004,160.0,119,86,33,0
2026-10,E0076,C011,P035,160.0,93,72,21,0
2026-10,E0345,C005,P015,160.0,139,114,25,0
2026-10,E0428,C003,P002,160.0,95,82,13,0
2026-10,E0284,C005,P034,160.0,107,91,16,0
2026-10,E0063,C012,P027,160.0,132,109,23,0
2026-10,E0448,C001,P034,160.0,162,133,29,2
2026-10,E0347,C001,P028,160.0,138,102,36,0
2026-10,E0281,C011,P014,160.0,87,60,27,0
2026-10,E0277,C007,P004,160.0,138,117,21,0
2026-10,E0217,C003,P017,160.0,140,118,22,0
2026-10,E0240,C011,P034,160.0,140,115,25,0
2026-10,E0081,C008,P002,160.0,172,162,10,12
2026-10,E0417,C011,P030,160.0,167,112,55,7
2026-10,E0073,C008,P014,160.0,146,103,43,0
2026-10,E0044,C002,P020,160.0,196,175,21,36
2026-10,E0224,C006,P006,160.0,109,103,6,0
2026-10,E0320,C004,P032,160.0,132,117,15,0
2026-10,E0463,C002,P027,160.0,141,117,24,0
2026-10,E0154,C010,P023,160.0,144,125,19,0
2026-10,E0353,C004,P011,160.0,109,96,13,0
2026-10,E0148,C008,P033,160.0,96,90,6,0
2026-10,E0244,C010,P030,160.0,144,122,22,0
2026-10,E0487,C012,P006,160.0,105,91,14,0
2026-10,E0016,C001,P025,160.0,128,92,36,0
2026-10,E0151,C008,P028,160.0,147,108,39,0
2026-10,E0124,C012,P008,160.0,112,93,19,0
2026-10,E0447,C005,P013,160.0,153,112,41,0
2026-10,E0039,C003,P024,160.0,124,80,44,0
2026-10,E0010,C011,P001,160.0,135,119,16,0
2026-10,E0027,C011,P013,160.0,157,130,27,0
2026-10,E0058,C010,P031,160.0,142,121,21,0
2026-10,E0153,C009,P004,160.0,152,101,51,0
2026-10,E0446,C007,P016,160.0,155,125,30,0
2026-10,E0386,C010,P005,160.0,142,104,38,0
2026-10,E0327,C005,P017,160.0,154,129,25,0
2026-10,E0012,C011,P008,160.0,127,96,31,0
2026-10,E0100,C007,P024,160.0,157,117,40,0
2026-10,E0438,C007,P008,160.0,139,100,39,0
2026-10,E0419,C003,P007,160.0,177,120,57,17
2026-10,E0162,C011,P022,160.0,148,138,10,0
2026-10,E0319,C005,P025,160.0,131,113,18,0
2026-10,E0096,C006,P004,160.0,157,120,37,0
2026-10,E0069,C012,P035,160.0,178,167,11,18
2026-10,E0136,C007,P019,160.0,133,91,42,0
2026-10,E0146,C003,P020,160.0,129,98,31,0
2026-10,E0018,C010,P026,160.0,79,59,20,0
2026-10,E0008,C005,P026,160.0,148,115,33,0
2026-10,E0202,C010,P015,160.0,136,96,40,0
2026-10,E0261,C010,P014,160.0,157,124,33,0
2026-10,E0111,C006,P033,160.0,158,116,42,0
2026-11,E0103,C012,P027,160.0,110,79,31,0
2026-11,E0185,C008,P035,160.0,167,145,22,7
2026-11,E0354,C001,P031,160.0,125,90,35,0
2026-11,E0482,C007,P025,160.0,133,123,10,0
2026-11,E0437,C006,P013,160.0,88,80,8,0
2026-11,E0019,C004,P007,160.0,153,117,36,0
2026-11,E0373,C012,P025,160.0,117,89,28,0
2026-11,E0160,C001,P021,160.0,129,96,33,0
2026-11,E0183,C010,P008,160.0,115,94,21,0
2026-11,E0328,C004,P033,160.0,169,113,56,9
2026-11,E0434,C004,P024,160.0,135,125,10,0
2026-11,E0330,C012,P018,160.0,113,86,27,0
2026-11,E0023,C008,P028,160.0,114,78,36,0
2026-11,E0296,C012,P032,160.0,165,110,55,5
2026-11,E0032,C001,P026,160.0,123,86,37,0
2026-11,E0417,C011,P030,160.0,132,115,17,0
2026-11,E0414,C012,P030,160.0,145,110,35,0
2026-11,E0412,C007,P011,160.0,137,109,28,0
2026-11,E0077,C012,P005,160.0,99,73,26,0
2026-11,E0287,C002,P004,160.0,160,139,21,0
2026-11,E0038,C003,P022,160.0,138,93,45,0
2026-11,E0040,C001,P009,160.0,152,139,13,0
2026-11,E0081,C008,P002,160.0,162,122,40,2
2026-11,E0089,C001,P021,160.0,94,64,30,0
2026-11,E0062,C002,P029,160.0,162,115,47,2
2026-11,E0302,C005,P019,160.0,207,162,45,47
2026-11,E0095,C005,P002,160.0,155,105,50,0
2026-11,E0481,C006,P022,160.0,178,144,34,18
2026-11,E0136,C007,P019,160.0,168,140,28,8
2026-11,E0057,C004,P006,160.0,161,112,49,1
2026-11,E0433,C008,P004,160.0,169,111,58,9
2026-11,E0204,C002,P024,160.0,174,134,40,14
2026-11,E0201,C010,P015,160.0,175,125,50,15
2026-11,E0191,C004,P011,160.0,114,94,20,0
2026-11,E0050,C009,P012,160.0,171,124,47,11
2026-11,E0231,C006,P004,160.0,138,130,8,0
2026-11,E0193,C008,P027,160.0,176,118,58,16
2026-11,E0431,C012,P003,160.0,157,110,47,0
2026-11,E0042,C011,P019,160.0,114,95,19,0
2026-11,E0284,C005,P034,160.0,180,154,26,20
2026-11,E0225,C009,P018,160.0,125,83,42,0
2026-11,E0315,C002,P007,160.0,137,113,24,0
2026-11,E0037,C009,P009,160.0,187,150,37,27
2026-11,E0303,C010,P027,160.0,148,114,34,0
2026-11,E0233,C002,P002,160.0,136,102,34,0
2026-11,E0372,C010,P014,160.0,143,134,9,0
2026-11,E0222,C008,P028,160.0,135,111,24,0
2026-11,E0400,C006,P026,160.0,165,149,16,5
2026-11,E0091,C008,P010,160.0,136,91,45,0
2026-11,E0316,C005,P006,160.0,143,114,29,0
2026-11,E0055,C006,P009,160.0,159,132,27,0
2026-11,E0121,C006,P009,160.0,156,131,25,0
2026-11,E0253,C011,P028,160.0,127,109,18,0
2026-11,E0093,C011,P010,160.0,165,117,48,5
2026-11,E0069,C012,P035,160.0,132,102,30,0
2026-11,E0149,C009,P002,160.0,119,95,24,0
2026-11,E0131,C002,P001,160.0,101,66,35,0
2026-11,E0138,C011,P024,160.0,140,116,24,0
2026-11,E0484,C001,P008,160.0,105,95,10,0
2026-11,E0374,C001,P005,160.0,124,108,16,0
2026-11,E0393,C001,P030,160.0,144,99,45,0
2026-11,E0324,C008,P006,160.0,173,148,25,13
2026-11,E0013,C011,P012,160.0,137,91,46,0
2026-11,E0030,C008,P025,160.0,109,97,12,0
2026-11,E0494,C012,P032,160.0,142,124,18,0
2026-11,E0403,C007,P014,160.0,172,143,29,12
2026-11,E0130,C006,P011,160.0,137,121,16,0
2026-11,E0276,C009,P005,160.0,178,140,38,18
2026-11,E0024,C007,P031,160.0,144,113,31,0
2026-11,E0423,C004,P033,160.0,162,143,19,2
2026-11,E0127,C002,P020,160.0,150,105,45,0
2026-11,E0135,C002,P021,160.0,177,139,38,17
2026-11,E0090,C003,P035,160.0,198,178,20,38
2026-11,E0080,C001,P019,160.0,133,88,45,0
2026-11,E0289,C010,P035,160.0,148,104,44,0
2026-11,E0181,C003,P016,160.0,173,128,45,13
2026-11,E0490,C011,P035,160.0,151,100,51,0
2026-11,E0218,C005,P024,160.0,100,69,31,0
2026-11,E0368,C004,P005,160.0,137,98,39,0
2026-11,E0387,C009,P024,160.0,151,118,33,0
2026-11,E0447,C005,P013,160.0,184,144,40,24
2026-11,E0010,C011,P001,160.0,147,130,17,0
2026-11,E0485,C006,P029,160.0,122,85,37,0
2026-11,E0165,C007,P015,160.0,151,117,34,0
2026-11,E0455,C002,P024,160.0,181,149,32,21
2026-11,E0429,C012,P026,160.0,129,98,31,0
2026-11,E0386,C010,P005,160.0,132,108,24,0
2026-11,E0402,C008,P015,160.0,129,100,29,0
2026-11,E0232,C007,P006,160.0,112,95,17,0
2026-11,E0320,C004,P032,160.0,146,132,14,0
2026-11,E0476,C010,P014,160.0,143,134,9,0
2026-11,E0486,C004,P001,160.0,102,76,26,0
2026-11,E0116,C005,P018,160.0,124,103,21,0
2026-11,E0340,C012,P023,160.0,149,100,49,0
2026-11,E0020,C010,P017,160.0,162,133,29,2
2026-11,E0441,C001,P005,160.0,169,132,37,9
2026-11,E0133,C012,P031,160.0,164,135,29,4
2026-11,E0337,C008,P008,160.0,144,116,28,0
2026-11,E0283,C012,P009,160.0,109,70,39,0
2026-11,E0004,C008,P017,160.0,139,100,39,0
2026-11,E0196,C001,P026,160.0,85,66,19,0
2026-11,E0461,C012,P024,160.0,149,140,9,0
2026-11,E0336,C011,P005,160.0,128,88,40,0
2026-11,E0208,C003,P002,160.0,93,61,32,0
2026-11,E0295,C009,P026,160.0,154,135,19,0
2026-11,E0096,C006,P004,160.0,181,125,56,21
2026-11,E0223,C009,P032,160.0,105,75,30,0
2026-11,E0123,C004,P020,160.0,156,101,55,0
2026-11,E0474,C007,P019,160.0,135,92,43,0
2026-11,E0310,C005,P008,160.0,125,118,7,0
2026-11,E0389,C008,P018,160.0,125,88,37,0
2026-11,E0364,C004,P009,160.0,135,111,24,0
2026-11,E0360,C007,P026,160.0,135,113,22,0
2026-11,E0492,C003,P021,160.0,143,110,33,0
2026-11,E0152,C002,P032,160.0,123,104,19,0
2026-11,E0323,C005,P007,160.0,128,99,29,0
2026-11,E0211,C007,P017,160.0,158,129,29,0
2026-11,E0409,C011,P020,160.0,121,109,12,0
2026-11,E0497,C005,P008,160.0,151,128,23,0
2026-11,E0439,C001,P026,160.0,136,93,43,0
2026-11,E0117,C003,P001,160.0,131,122,9,0
2026-11,E0352,C012,P015,160.0,190,131,59,30
2026-11,E0147,C009,P032,160.0,113,105,8,0
2026-11,E0189,C006,P008,160.0,183,137,46,23
2026-11,E0114,C002,P033,160.0,165,156,9,5
2026-11,E0499,C009,P013,160.0,129,93,36,0
2026-11,E0496,C012,P025,160.0,166,122,44,6
2026-11,E0221,C004,P012,160.0,77,50,27,0
2026-11,E0071,C001,P024,160.0,127,99,28,0
2026-11,E0163,C004,P032,160.0,121,84,37,0
2026-11,E0256,C010,P021,160.0,154,104,50,0
2026-11,E0015,C007,P021,160.0,162,136,26,2
2026-11,E0252,C004,P013,160.0,154,100,54,0
2026-11,E0349,C008,P024,160.0,148,107,41,0
2026-11,E0297,C009,P009,160.0,168,113,55,8
2026-11,E0227,C002,P022,160.0,164,131,33,4
2026-11,E0118,C007,P022,160.0,128,114,14,0
2026-11,E0108,C007,P012,160.0,131,90,41,0
2026-11,E0067,C011,P001,160.0,162,114,48,2
2026-11,E0422,C002,P033,160.0,143,134,9,0
2026-11,E0370,C006,P020,160.0,145,101,44,0
2026-11,E0064,C011,P006,160.0,148,110,38,0
2026-11,E0119,C004,P034,160.0,101,74,27,0
2026-11,E0396,C006,P006,160.0,127,119,8,0
2026-11,E0487,C012,P006,160.0,156,101,55,0
2026-11,E0169,C004,P027,160.0,127,105,22,0
2026-11,E0124,C012,P008,160.0,139,98,41,0
2026-11,E0172,C009,P028,160.0,156,131,25,0
2026-11,E0465,C006,P033,160.0,169,126,43,9
2026-11,E0265,C009,P015,160.0,173,125,48,13
2026-11,E0031,C001,P003,160.0,174,136,38,14
2026-11,E0392,C002,P019,160.0,141,109,32,0
2026-11,E0329,C002,P020,160.0,138,111,27,0
2026-11,E0145,C008,P002,160.0,115,75,40,0
2026-11,E0126,C010,P004,160.0,181,154,27,21
2026-11,E0371,C008,P015,160.0,137,115,22,0
2026-11,E0406,C007,P026,160.0,180,146,34,20
2026-11,E0175,C005,P019,160.0,152,113,39,0
2026-11,E9999,C010,P018,160.0,171,141,30,11
2026-11,E0125,C001,P013,160.0,142,121,21,0
2026-11,E0104,C009,P022,160.0,159,122,37,0
2026-11,E0188,C001,P016,160.0,172,138,34,12
2026-11,E0341,C005,P015,160.0,132,101,31,0
2026-11,E0288,C012,P001,160.0,174,118,56,14
2026-11,E0344,C004,P012,160.0,118,91,27,0
2026-11,E0361,C010,P001,160.0,189,161,28,29
2026-11,E0261,C010,P014,160.0,148,130,18,0
2026-11,E0220,C006,P032,160.0,127,114,13,0
2026-11,E0383,C001,P013,160.0,165,131,34,5
2026-11,E0390,C011,P003,160.0,153,124,29,0
2026-11,E0424,C011,P030,160.0,102,78,24,0
2026-11,E0356,C001,P022,160.0,135,103,32,0
2026-11,E0143,C005,P010,160.0,119,108,11,0
2026-11,E0047,C002,P010,160.0,121,81,40,0
2026-11,E0342,C005,P032,160.0,121,91,30,0
2026-11,E0001,C007,P016,160.0,157,104,53,0
2026-11,E0016,C001,P025,160.0,167,152,15,7
2026-11,E0029,C012,P013,160.0,125,89,36,0
2026-11,E0006,C001,P007,160.0,96,87,9,0
2026-11,E0156,C007,P023,160.0,85,74,11,0
2026-11,E0304,C003,P032,160.0,196,177,19,36
2026-11,E0405,C001,P032,160.0,148,96,52,0
2026-11,E0251,C012,P029,160.0,165,143,22,5
2026-11,E0215,C010,P012,160.0,140,113,27,0
2026-11,E0369,C012,P030,160.0,91,73,18,0
2026-11,E0059,C004,P016,160.0,155,131,24,0
2026-11,E0333,C010,P022,160.0,186,168,18,26
2026-11,E0385,C010,P032,160.0,129,89,40,0
2026-11,E0430,C011,P018,160.0,89,76,13,0
2026-11,E0111,C006,P033,160.0,115,83,32,0
2026-11,E0280,C005,P034,160.0,166,128,38,6
2026-11,E0381,C002,P010,160.0,153,141,12,0
2026-11,E0209,C006,P030,160.0,175,114,61,15
2026-11,E0247,C011,P032,160.0,145,120,25,0
2026-11,E0109,C008,P005,160.0,162,119,43,2
2026-11,E0021,C011,P001,160.0,134,114,20,0
2026-11,E0475,C012,P009,160.0,117,77,40,0
2026-11,E0457,C002,P020,160.0,162,125,37,2
2026-11,E0453,C009,P006,160.0,167,148,19,7
2026-11,E0301,C001,P034,160.0,129,101,28,0
2026-11,E0088,C003,P029,160.0,183,164,19,23
2026-11,E0217,C003,P017,160.0,184,143,41,24
2026-11,E0009,C004,P034,160.0,121,98,23,0
2026-11,E0254,C012,P019,160.0,122,95,27,0
2026-11,E0034,C008,P003,160.0,123,106,17,0
2026-11,E0380,C003,P034,160.0,141,100,41,0
2026-11,E0043,C003,P018,160.0,135,96,39,0
2026-11,E0479,C001,P004,160.0,112,92,20,0
2026-11,E0435,C001,P022,160.0,124,100,24,0
2026-11,E0351,C007,P013,160.0,92,65,27,0
2026-11,E0224,C006,P006,160.0,95,62,33,0
2026-11,E0473,C003,P032,160.0,107,85,22,0
2026-11,E0270,C008,P033,160.0,194,167,27,34
2026-11,E0179,C009,P012,160.0,190,133,57,30
2026-11,E0210,C012,P026,160.0,163,152,11,3
2026-11,E0192,C007,P003,160.0,130,89,41,0
2026-11,E0411,C005,P014,160.0,107,71,36,0
2026-11,E0008,C005,P026,160.0,144,107,37,0
2026-11,E0248,C011,P026,160.0,156,126,30,0
2026-11,E0137,C004,P027,160.0,126,87,39,0
2026-11,E0054,C012,P013,160.0,154,115,39,0
2026-11,E0378,C005,P007,160.0,115,94,21,0
2026-11,E0466,C004,P016,160.0,130,93,37,0
2026-11,E0025,C007,P004,160.0,138,97,41,0
2026-11,E0205,C008,P032,160.0,191,139,52,31
2026-11,E0070,C010,P022,160.0,123,80,43,0
2026-11,E0264,C001,P005,160.0,206,193,13,46
2026-11,E0408,C010,P026,160.0,155,128,27,0
2026-11,E0195,C011,P012,160.0,208,193,15,48
2026-11,E0158,C006,P011,160.0,120,107,13,0
2026-11,E0079,C003,P032,160.0,116,84,32,0
2026-11,E0234,C005,P010,160.0,126,100,26,0
2026-11,E0379,C006,P014,160.0,145,97,48,0
2026-11,E0197,C002,P011,160.0,187,162,25,27
2026-11,E0375,C005,P029,160.0,129,109,20,0
2026-11,E0488,C011,P007,160.0,167,129,38,7
2026-11,E0018,C010,P026,160.0,193,176,17,33
2026-11,E0207,C004,P014,160.0,151,120,31,0
2026-11,E0236,C006,P033,160.0,172,123,49,12
2026-11,E0306,C011,P030,160.0,124,95,29,0
2026-11,E0065,C012,P030,160.0,155,119,36,0
2026-11,E0228,C001,P006,160.0,161,115,46,1
2026-11,E0115,C003,P035,160.0,111,78,33,0
2026-11,E0463,C002,P027,160.0,122,106,16,0
2026-11,E0110,C007,P017,160.0,137,104,33,0
2026-11,E0410,C001,P032,160.0,104,98,6,0
2026-11,E0307,C002,P027,160.0,126,85,41,0
2026-11,E0483,C002,P001,160.0,140,115,25,0
2026-11,E0420,C011,P035,160.0,108,84,24,0
2026-11,E0321,C005,P004,160.0,190,126,64,30
2026-11,E0311,C001,P034,160.0,170,118,52,10
2026-11,E0246,C011,P007,160.0,233,158,75,73
2026-11,E0164,C004,P019,160.0,113,81,32,0
2026-11,E0012,C011,P008,160.0,156,109,47,0
2026-11,E0186,C008,P016,160.0,126,89,37,0
2026-11,E0382,C006,P021,160.0,116,92,24,0
2026-11,E0478,C001,P016,160.0,168,117,51,8
2026-11,E0199,C003,P017,160.0,146,130,16,0
2026-11,E0082,C009,P022,160.0,135,103,32,0
2026-11,E0335,C009,P032,160.0,152,106,46,0
2026-11,E0229,C010,P001,160.0,123,100,23,0
2026-11,E0061,C009,P003,160.0,122,94,28,0
2026-11,E0078,C005,P005,160.0,127,88,39,0
2026-11,E0325,C009,P011,160.0,174,157,17,14
2026-11,E0377,C003,P022,160.0,171,140,31,11
2026-11,E0449,C012,P022,160.0,112,88,24,0
2026-11,E0058,C010,P031,160.0,188,127,61,28
2026-11,E0240,C011,P034,160.0,144,122,22,0
2026-11,E0129,C002,P010,160.0,155,121,34,0
2026-11,E0299,C012,P011,160.0,-8,97,30,0
2026-11,E0184,C005,P029,160.0,145,99,46,0
2026-11,E0272,C004,P031,160.0,116,91,25,0
2026-11,E0230,C006,P009,160.0,125,99,26,0
2026-11,E0331,C011,P022,160.0,166,157,9,6
2026-11,E0159,C010,P033,160.0,166,128,38,6
2026-11,E0141,C004,P026,160.0,157,138,19,0
2026-11,E0438,C007,P008,160.0,134,121,13,0
2026-11,E0327,C005,P017,160.0,112,84,28,0
2026-11,E0084,C003,P020,160.0,177,146,31,17
2026-11,E0107,C005,P020,160.0,169,127,42,9
2026-11,E0242,C002,P030,160.0,99,66,33,0
2026-11,E0170,C011,P012,160.0,167,158,9,7
2026-11,E0348,C007,P027,160.0,135,114,21,0
2026-11,E0238,C010,P012,160.0,162,121,41,2
2026-11,E0469,C003,P001,160.0,108,81,27,0
2026-11,E0155,C003,P024,160.0,128,98,30,0
2026-11,E0470,C007,P006,160.0,147,137,10,0
2026-11,E0282,C007,P013,160.0,190,125,65,30
2026-11,E0173,C008,P010,160.0,211,195,16,51
2026-11,E0157,C010,P006,160.0,147,97,50,0
2026-11,E0154,C010,P023,160.0,172,124,48,12
2026-11,E0044,C010,P003,160.0,150,136,14,0
2026-11,E0094,C012,P031,160.0,149,116,33,0
2026-11,E0100,C007,P024,160.0,158,104,54,0
2026-11,E0367,C011,P010,160.0,143,94,49,0
2026-11,E0213,C010,P003,160.0,165,141,24,5
2026-11,E0395,C001,P012,160.0,118,84,34,0
2026-11,E0298,C009,P008,160.0,143,95,48,0
2026-11,E0489,C005,P030,160.0,192,153,39,32
2026-11,E0167,C008,P028,160.0,174,155,19,14
2026-11,E0085,C001,P010,160.0,153,100,53,0
2026-11,E0338,C007,P012,160.0,170,145,25,10
2026-11,E0142,C007,P023,160.0,184,155,29,24
2026-11,E0355,C006,P017,160.0,96,72,24,0
2026-11,E0166,C002,P022,160.0,138,105,33,0
2026-11,E0427,C004,P029,160.0,128,91,37,0
2026-11,E0216,C008,P009,160.0,109,71,38,0
2026-11,E0416,C008,P030,160.0,197,146,51,37
2026-11,E0074,C009,P028,160.0,159,137,22,0
2026-11,E0456,C009,P028,160.0,169,145,24,9
2026-11,E0097,C005,P013,160.0,129,94,35,0
2026-11,E0500,C011,P009,160.0,137,123,14,0
2026-11,E0161,C008,P007,160.0,144,94,50,0
2026-11,E0051,C002,P016,160.0,154,106,48,0
2026-11,E0011,C002,P029,160.0,164,110,54,4
2026-11,E0099,C010,P033,160.0,100,93,7,0
2026-11,E0151,C001,P012,160.0,162,143,19,2
2026-11,E0332,C008,P018,160.0,139,121,18,0
2026-11,E0153,C009,P004,160.0,185,155,30,25
2026-11,E0092,C006,P019,160.0,178,149,29,18
2026-11,E0394,C007,P027,160.0,152,132,20,0
2026-11,E0275,C999,P024,160.0,145,128,17,0
2026-11,E0053,C004,P005,160.0,137,92,45,0
2026-11,E0388,C012,P024,160.0,155,123,32,0
2026-11,E0278,C003,P004,160.0,177,138,39,17
2026-11,E0309,C002,P011,160.0,146,119,27,0
2026-11,E0397,C009,P013,160.0,131,109,22,0
2026-11,E0285,C010,P017,160.0,145,130,15,0
2026-11,E0448,C001,P034,160.0,152,125,27,0
2026-11,E0415,C002,P026,160.0,116,81,35,0
2026-11,E0495,C010,P005,160.0,110,77,33,0
2026-11,E0326,C005,P011,160.0,131,111,20,0
2026-11,E0353,C004,P011,160.0,185,125,60,25
2026-11,E0428,C003,P002,160.0,175,160,15,15
2026-11,E0214,C005,P026,160.0,105,82,23,0
2026-11,E0459,C009,P031,160.0,121,92,29,0
2026-11,E0060,C003,P001,160.0,164,145,19,4
2026-11,E0144,C004,P009,160.0,134,124,10,0
2026-11,E0063,C012,P027,160.0,156,114,42,0
2026-11,E0498,C010,P013,160.0,106,95,11,0
2026-11,E0171,C008,P014,160.0,145,109,36,0
2026-11,E0365,C008,P029,160.0,142,106,36,0
2026-11,E0426,C011,P030,160.0,169,140,29,9
2026-11,E0076,C011,P035,160.0,154,139,15,0
2026-11,E0014,C011,P005,160.0,148,116,32,0
2026-11,E0421,C004,P032,160.0,101,66,35,0
2026-11,E0440,C004,P005,160.0,193,159,34,33
2026-11,E0477,C002,P019,160.0,162,141,21,2
2026-11,E0418,C007,P016,160.0,127,86,41,0
2026-11,E0376,C004,P019,160.0,147,121,26,0
2026-11,E0345,C005,P015,160.0,135,105,30,0
2026-11,E0033,C009,P030,160.0,139,113,26,0
2026-11,E0274,C007,P027,160.0,175,147,28,15
2026-11,E0339,C008,P001,160.0,121,90,31,0
2026-11,E0072,C002,P014,160.0,163,137,26,3
2026-11,E0128,C010,P014,160.0,176,143,33,16
2026-11,E0174,C007,P027,160.0,158,141,17,0
2026-11,E0467,C011,P002,160.0,141,116,25,0
2026-11,E0182,C011,P034,160.0,125,94,31,0
2026-11,E0122,C003,P020,160.0,128,101,27,0
2026-11,E0112,C010,P004,160.0,148,103,45,0
2026-11,E0168,C005,P033,160.0,97,91,6,0
2026-11,E0244,C010,P030,160.0,146,126,20,0
2026-11,E0313,C004,P029,160.0,166,129,37,6
2026-11,E0237,C008,P018,160.0,108,79,29,0
2026-11,E0260,C012,P025,160.0,174,143,31,14
2026-11,E0446,C001,P015,160.0,212,156,56,52
2026-11,E0445,C008,P025,160.0,143,108,35,0
2026-11,E0068,C006,P034,160.0,139,94,45,0
2026-11,E0281,C011,P014,160.0,141,126,15,0
2026-11,E0028,C012,P023,160.0,147,107,40,0
2026-11,E0177,C005,P030,160.0,137,124,13,0
2026-11,E0391,C004,P026,160.0,96,77,19,0
2026-11,E0087,C012,P010,160.0,141,107,34,0
2026-11,E0073,C008,P014,160.0,120,113,7,0
2026-12,E0179,C001,P004,160.0,149,115,34,0
2026-12,E0185,C008,P035,160.0,177,134,43,17
2026-12,E0140,C002,P008,160.0,121,108,13,0
2026-12,E0333,C010,P022,160.0,188,128,60,28
2026-12,E0112,C010,P004,160.0,135,122,13,0
2026-12,E0199,C003,P017,160.0,123,85,38,0
2026-12,E0175,C005,P019,160.0,162,120,42,2
2026-12,E0113,C011,P023,160.0,133,102,31,0
2026-12,E0481,C006,P022,160.0,143,117,26,0
2026-12,E0191,C004,P011,160.0,145,129,16,0
2026-12,E0305,C001,P027,160.0,160,130,30,0
2026-12,E0395,C001,P012,160.0,143,117,26,0
2026-12,E0233,C002,P002,160.0,140,130,10,0
2026-12,E0160,C001,P021,160.0,135,96,39,0
2026-12,E0153,C009,P004,160.0,157,111,46,0
2026-12,E0352,C012,P015,160.0,131,104,27,0
2026-12,E0241,C008,P020,160.0,178,140,38,18
2026-12,E0391,C004,P026,160.0,145,95,50,0
2026-12,E0386,C010,P005,160.0,102,70,32,0
2026-12,E0111,C006,P033,160.0,152,118,34,0
2026-12,E0447,C012,P029,160.0,156,125,31,0
2026-12,E0360,C007,P026,160.0,179,158,21,19
2026-12,E0457,C002,P020,160.0,126,110,16,0
2026-12,E0081,C008,P002,160.0,123,92,31,0
2026-12,E0467,C011,P002,160.0,161,127,34,1
2026-12,E0448,C001,P034,160.0,174,130,44,14
2026-12,E0403,C007,P014,160.0,125,86,39,0
2026-12,E0170,C011,P012,160.0,151,108,43,0
2026-12,E0496,C012,P025,160.0,143,119,24,0
2026-12,E0402,C006,P006,160.0,126,100,26,0
2026-12,E0473,C003,P032,160.0,142,122,20,0
2026-12,E0208,C003,P002,160.0,172,126,46,12
2026-12,E0416,C008,P030,160.0,145,98,47,0
2026-12,E0321,C005,P004,160.0,140,115,25,0
2026-12,E0327,C005,P017,160.0,160,142,18,0
2026-12,E0184,C005,P029,160.0,174,120,54,14
2026-12,E0119,C004,P034,160.0,120,88,32,0
2026-12,E0268,C002,P007,160.0,152,108,44,0
2026-12,E0341,C005,P015,160.0,136,117,19,0
2026-12,E0306,C007,P031,160.0,146,118,28,0
2026-12,E0101,C005,P029,160.0,162,127,35,2
2026-12,E0070,C006,P004,160.0,137,113,24,0
2026-12,E0422,C002,P033,160.0,94,88,6,0
2026-12,E0452,C011,P010,160.0,142,120,22,0
2026-12,E0168,C005,P033,160.0,169,155,14,9
2026-12,E0375,C005,P029,160.0,156,120,36,0
2026-12,E0144,C004,P009,160.0,142,117,25,0
2026-12,E0122,C003,P020,160.0,148,107,41,0
2026-12,E0483,C002,P001,160.0,146,127,19,0
2026-12,E0373,C012,P025,160.0,101,89,12,0
2026-12,E0193,C008,P027,160.0,148,120,28,0
2026-12,E0108,C007,P012,160.0,113,89,24,0
2026-12,E0380,C003,P034,160.0,173,144,29,13
2026-12,E0291,C002,P021,160.0,112,105,7,0
2026-12,E0214,C005,P026,160.0,134,107,27,0
2026-12,E0143,C005,P010,160.0,130,98,32,0
2026-12,E0223,C009,P032,160.0,183,141,42,23
2026-12,E0282,C007,P013,160.0,172,139,33,12
2026-12,E0419,C003,P007,160.0,88,70,18,0
2026-12,E0156,C007,P023,160.0,144,100,44,0
2026-12,E0334,C010,P031,160.0,116,79,37,0
2026-12,E0267,C012,P004,160.0,149,126,23,0
2026-12,E0316,C005,P006,160.0,161,124,37,1
2026-12,E0195,C011,P012,160.0,151,132,19,0
2026-12,E0087,C012,P010,160.0,163,123,40,3
2026-12,E0148,C008,P033,160.0,138,100,38,0
2026-12,E0356,C001,P022,160.0,151,111,40,0
2026-12,E0043,C003,P018,160.0,162,106,56,2
2026-12,E0147,C009,P032,160.0,133,89,44,0
2026-12,E0073,C008,P014,160.0,123,88,35,0
2026-12,E0215,C010,P012,160.0,128,113,15,0
2026-12,E0325,C008,P003,160.0,142,110,32,0
2026-12,E0224,C006,P006,160.0,145,111,34,0
2026-12,E0002,C001,P011,160.0,153,131,22,0
2026-12,E0040,C001,P009,160.0,126,109,17,0
2026-12,E0478,C001,P016,160.0,162,151,11,2
2026-12,E0426,C011,P030,160.0,190,148,42,30
2026-12,E0289,C010,P035,160.0,130,120,10,0
2026-12,E0420,C011,P035,160.0,206,138,68,46
2026-12,E0342,C005,P032,160.0,194,172,22,34
2026-12,E0159,C010,P033,160.0,145,119,26,0
2026-12,E0300,C010,P027,160.0,141,92,49,0
2026-12,E0431,C012,P003,160.0,128,95,33,0
2026-12,E0238,C010,P012,160.0,166,150,16,6
2026-12,E0116,C005,P018,160.0,146,100,46,0
2026-12,E0154,C010,P023,160.0,149,120,29,0
2026-12,E0030,C008,P025,160.0,124,90,34,0
2026-12,E0242,C002,P030,160.0,167,127,40,7
2026-12,E0370,C006,P020,160.0,139,121,18,0
2026-12,E0285,C010,P017,160.0,118,109,9,0
2026-12,E0350,C001,P018,160.0,143,112,31,0
2026-12,E0065,C012,P030,160.0,125,81,44,0
2026-12,E0277,C007,P004,160.0,179,121,58,19
2026/01,E0250,C008,P028,160.0,194,145,49,34
2026-12,E0221,C004,P012,160.0,144,123,21,0
2026-12,E0500,C011,P009,160.0,171,136,35,11
2026-12,E0071,C001,P024,160.0,171,158,13,11
2026-12,E0474,C007,P019,160.0,71,50,21,0
2026-12,E0107,C005,P020,160.0,128,95,33,0
2026-12,E0072,C002,P014,160.0,148,107,41,0
2026-12,E0465,C006,P033,160.0,134,99,35,0
2026-12,E0031,C001,P003,160.0,127,91,36,0
2026-12,E0024,C007,P031,160.0,173,121,52,13
2026-12,E0042,C011,P019,160.0,133,104,29,0
2026-12,E0485,C006,P029,160.0,153,122,31,0
2026-12,E0396,C006,P006,160.0,170,151,19,10
2026-12,E0324,C008,P006,160.0,180,119,61,20
2026-12,E0315,C002,P007,160.0,118,81,37,0
2026-12,E0155,C006,P025,160.0,120,88,32,0
2026-12,E0075,C008,P033,160.0,150,127,23,0
2026-12,E0059,C004,P016,160.0,96,73,23,0
2026-12,E0240,C011,P034,160.0,121,89,32,0
2026-12,E0458,C005,P025,160.0,176,142,34,16
2026-12,E0023,C008,P028,160.0,160,138,22,0
2026-12,E0408,C010,P026,160.0,142,96,46,0
2026-12,E0034,C008,P003,160.0,156,129,27,0
2026-12,E0006,C001,P007,160.0,162,145,17,2
2026-12,E0067,C011,P001,160.0,110,88,22,0
2026-12,E0443,C003,P022,160.0,133,108,25,0
2026-12,E0368,C001,P028,160.0,204,190,14,44
2026-12,E0410,C001,P032,160.0,179,164,15,19
2026-12,E0164,C004,P019,160.0,151,140,11,0
2026-12,E0246,C011,P007,160.0,152,103,49,0
2026-12,E0141,C004,P026,160.0,144,130,14,0
2026-12,E0136,C007,P019,160.0,101,80,21,0
2026-12,E0129,C002,P010,160.0,130,94,36,0
2026-12,E0355,C006,P017,160.0,155,134,21,0
2026-12,E0336,C011,P005,160.0,133,97,36,0
2026-12,E0405,C001,P032,160.0,119,89,30,0
2026-12,E0326,C005,P011,160.0,122,99,23,0
2026-12,E0204,C002,P024,160.0,180,122,58,20
2026-12,E0090,C003,P035,160.0,132,111,21,0
2026-12,E0012,C011,P008,160.0,174,150,24,14
2026-12,E0461,C012,P024,160.0,152,126,26,0
2026-12,E0344,C004,P012,160.0,139,108,31,0
2026-12,E0182,C011,P034,160.0,126,94,32,0
2026-12,E0476,C010,P014,160.0,161,143,18,1
2026-12,E0100,C007,P024,160.0,170,133,37,10
2026-12,E0219,C010,P017,160.0,164,141,23,4
2026-12,E0472,C002,P007,160.0,112,94,18,0
2026-12,E0463,C002,P027,160.0,132,124,8,0
2026-12,E0009,C004,P034,160.0,135,115,20,0
2026-12,E0095,C005,P002,160.0,97,78,19,0
2026-12,E0056,C005,P011,160.0,156,104,52,0
2026-12,E0358,C001,P003,160.0,160,151,9,0
2026-12,E0432,C011,P034,160.0,159,134,25,0
2026-12,E0283,C012,P009,160.0,154,139,15,0
2026-12,E0451,C008,P001,160.0,137,125,12,0
2026-12,E0058,C010,P031,160.0,125,88,37,0
2026-12,E0477,C002,P019,160.0,137,124,13,0
2026-12,E0231,C006,P004,160.0,152,130,22,0
2026-12,E0130,C006,P011,160.0,177,137,40,17
2026-12,E0362,C010,P007,160.0,146,103,43,0
2026-12,E0430,C011,P018,160.0,146,118,28,0
2026-12,E0097,C005,P013,160.0,99,88,11,0
2026-12,E0454,C004,P016,160.0,154,136,18,0
2026-12,E0347,C001,P028,160.0,179,126,53,19
2026-12,E0161,C008,P007,160.0,142,121,21,0
2026-12,E0064,C011,P006,160.0,140,108,32,0
2026-12,E0418,C007,P016,160.0,135,88,47,0
2026-12,E0498,C010,P013,160.0,162,119,43,2
2026-12,E0176,C004,P026,160.0,98,79,19,0
2026-12,E9999,C002,P002,160.0,174,158,16,14
2026-12,E0220,C006,P032,160.0,139,109,30,0
2026-12,E0256,C010,P021,160.0,155,126,29,0
2026-12,E0126,C010,P004,160.0,164,125,39,4
2026-12,E0361,C010,P001,160.0,122,79,43,0
2026-12,E0061,C009,P003,160.0,144,114,30,0
2026-12,E0050,C009,P012,160.0,138,90,48,0
2026-12,E0232,C007,P006,160.0,116,94,22,0
2026-12,E0254,C012,P019,160.0,170,125,45,10
2026-12,E0253,C011,P028,160.0,136,97,39,0
2026-12,E0089,C001,P021,160.0,115,93,22,0
2026-12,E0349,C008,P024,160.0,145,101,44,0
2026-12,E0217,C003,P017,160.0,109,92,17,0
2026-12,E0351,C007,P013,160.0,133,105,28,0
2026-12,E0157,C010,P006,160.0,152,102,50,0
2026-12,E0446,C001,P015,160.0,107,86,21,0
2026-12,E0287,C002,P004,160.0,160,128,32,0
2026-12,E0394,C007,P027,160.0,147,121,26,0
2026-12,E0196,C001,P026,160.0,164,126,38,4
2026-12,E0459,C009,P031,160.0,164,127,37,4
2026-12,E0011,C002,P029,160.0,132,118,14,0
2026-12,E0145,C008,P002,160.0,133,114,19,0
2026-12,E0423,C004,P033,160.0,156,115,41,0
2026-12,E0320,C004,P032,160.0,118,102,16,0
2026-12,E0114,C002,P033,160.0,118,84,34,0
2026-12,E0237,C008,P018,160.0,129,102,27,0
2026-12,E0330,C012,P018,160.0,111,73,38,0
2026-12,E0174,C007,P027,160.0,115,90,25,0
2026-12,E0062,C002,P029,160.0,116,97,19,0
2026-12,E0110,C007,P017,160.0,136,123,13,0
2026-12,E0424,C011,P030,160.0,135,98,37,0
2026-12,E0202,C010,P015,160.0,168,142,26,8
2026-12,E0021,C011,P001,160.0,137,103,34,0
2026-12,E0172,C009,P028,160.0,142,126,16,0
2026-12,E0398,C005,P018,160.0,188,176,12,28
2026-12,E0495,C010,P005,160.0,88,69,19,0
2026-12,E0428,C003,P002,160.0,149,127,22,0
2026-12,E0464,C003,P013,160.0,139,128,11,0
2026-12,E0053,C004,P030,160.0,152,135,17,0
2026-12,E0433,C008,P004,160.0,131,89,42,0
2026-12,E0118,C007,P022,160.0,137,101,36,0
2026-12,E0063,C012,P027,160.0,175,160,15,15
2026-12,E0382,C006,P021,160.0,156,130,26,0
2026-12,E0093,C011,P010,160.0,138,110,28,0
2026-12,E0103,C012,P027,160.0,125,82,43,0
2026-12,E0328,C004,P033,160.0,118,99,19,0
2026-12,E0080,C001,P019,160.0,132,104,28,0
2026-12,E0444,C008,P005,160.0,75,70,5,0
2026-12,E0206,C999,P019,160.0,140,100,40,0
2026-12,E0427,C004,P029,160.0,188,153,35,28
2026-12,E0069,C012,P035,160.0,148,137,11,0
2026-12,E0469,C003,P001,160.0,128,86,42,0
2026-12,E0276,C009,P005,160.0,88,73,15,0
2026-12,E0138,C011,P024,160.0,124,100,24,0
2026-12,E0007,C010,P018,160.0,132,106,26,0
2026-12,E0296,C012,P032,160.0,150,125,25,0
2026-12,E0163,C004,P032,160.0,133,93,40,0
2026-12,E0388,C012,P024,160.0,189,152,37,29
2026-12,E0499,C006,P025,160.0,138,106,32,0
2026-12,E0274,C004,P010,160.0,169,157,12,9
2026-12,E0018,C010,P026,160.0,105,89,16,0
2026-12,E0133,C012,P031,160.0,143,131,12,0
2026-12,E0205,C008,P032,160.0,125,84,41,0
2026-12,E0227,C002,P026,160.0,170,131,39,10
2026-12,E0371,C008,P015,160.0,134,104,30,0
2026-12,E0298,C009,P008,160.0,176,116,60,16
2026-12,E0165,C007,P015,160.0,160,132,28,0
2026-12,E0359,C007,P005,160.0,131,98,33,0
2026-12,E0389,C008,P018,160.0,118,93,25,0
2026-12,E0251,C012,P029,160.0,126,87,39,0
2026-12,E0234,C005,P010,160.0,137,90,47,0
2026-12,E0437,C006,P013,160.0,160,109,51,0
2026-12,E0128,C010,P014,160.0,144,134,10,0
2026-12,E0387,C009,P024,160.0,164,138,26,4
2026-12,E0131,C002,P001,160.0,178,159,19,18
2026-12,E0125,C001,P013,160.0,145,124,21,0
2026-12,E0025,C007,P004,160.0,120,99,21,0
2026-12,E0226,C009,P012,160.0,153,116,37,0
2026-12,E0378,C005,P007,160.0,192,144,48,32
2026-12,E0102,C007,P029,160.0,166,132,34,6
2026-12,E0068,C006,P034,160.0,151,135,16,0
2026-12,E0078,C005,P005,160.0,123,82,41,0
2026-12,E0441,C001,P005,160.0,139,92,47,0
2026-12,E0076,C011,P035,160.0,106,91,15,0
2026-12,E0456,C009,P028,160.0,116,101,15,0
2026-12,E0049,C005,P022,160.0,154,106,48,0
2026-12,E0270,C008,P033,160.0,101,69,32,0
2026-12,E0066,C003,P026,160.0,136,102,34,0
2026-12,E0449,C012,P022,160.0,114,101,13,0
2026-12,E0482,C007,P025,160.0,117,101,16,0
2026-12,E0150,C007,P029,160.0,145,111,34,0
2026-12,E0297,C009,P009,160.0,126,100,26,0
2026-12,E0484,C001,P008,160.0,110,82,28,0
2026-12,E0060,C003,P001,160.0,130,85,45,0
2026-12,E0010,C011,P001,160.0,109,96,13,0
2026-12,E0229,C010,P001,160.0,174,155,19,14
2026-12,E0216,C008,P009,160.0,161,128,33,1
2026-12,E0013,C011,P012,160.0,161,138,23,1
2026-12,E0218,C005,P024,160.0,124,89,35,0
2026-12,E0027,C011,P013,160.0,154,133,21,0
2026-12,E0213,C010,P003,160.0,149,105,44,0
2026-12,E0197,C002,P011,160.0,126,96,30,0
2026-12,E0288,C012,P001,160.0,142,123,19,0
2026-12,E0367,C006,P019,160.0,105,87,18,0
2026-12,E0376,C004,P019,160.0,118,107,11,0
2026-12,E0074,C009,P028,160.0,141,98,43,0
2026-12,E0374,C001,P005,160.0,132,113,19,0
2026-12,E0152,C002,P032,160.0,152,111,41,0
2026-12,E0440,C004,P005,160.0,126,89,37,0
2026-12,E0275,C999,P024,160.0,135,107,28,0
2026-12,E0046,C009,P015,160.0,143,114,29,0
2026-12,E0088,C003,P029,160.0,124,94,30,0
2026-12,E0280,C005,P034,160.0,135,114,21,0
2026-12,E0393,C001,P030,160.0,149,123,26,0
2026-12,E0390,C011,P003,160.0,182,129,53,22
2026-12,E0057,C004,P006,160.0,124,89,35,0
2026-12,E0198,C003,P027,160.0,132,94,38,0
2026-12,E0411,C005,P014,160.0,213,198,15,53
2026-12,E0092,C006,P019,160.0,166,117,49,6
2026-12,E0051,C002,P016,160.0,172,140,32,12
2026-12,E0151,C001,P012,160.0,157,114,43,0
2026-12,E0019,C004,P007,160.0,171,113,58,11
2026-12,E0252,C004,P013,160.0,123,88,35,0
2026-12,E0273,C005,P024,160.0,169,132,37,9
2026-12,E0014,C011,P005,160.0,162,139,23,2
2026-12,E0309,C002,P011,160.0,117,90,27,0
2026-12,E0055,C006,P009,160.0,135,111,24,0
2026-12,E0085,C001,P010,160.0,93,74,19,0
2026-12,E0158,C006,P011,160.0,147,96,51,0
2026-12,E0429,C012,P026,160.0,168,137,31,8
2026-12,E0435,C001,P022,160.0,131,102,29,0
2026-12,E0494,C012,P032,160.0,120,91,29,0
2026-12,E0453,C009,P006,160.0,118,106,12,0
2026-12,E0005,C005,P029,160.0,143,109,34,0
2026-12,E0236,C006,P033,160.0,157,141,16,0
2026-12,E0487,C012,P006,160.0,182,130,52,22
2026-12,E0173,C008,P010,160.0,91,79,12,0
2026-12,E0029,C012,P013,160.0,179,158,21,19
2026-12,E0303,C010,P027,160.0,148,105,43,0
2026-12,E0210,C012,P026,160.0,167,125,42,7
2026-12,E0037,C009,P009,160.0,161,112,49,1
2026-12,E0312,C002,P035,160.0,144,108,36,0
2026-12,E0109,C008,P005,160.0,143,116,27,0
2026-12,E0047,C002,P010,160.0,153,111,42,0
2026-12,E0392,C002,P019,160.0,137,98,39,0
2026-12,E0466,C004,P016,160.0,139,99,40,0
2026-12,E0003,C012,P035,160.0,54,39,15,0
2026-12,E0096,C006,P004,160.0,158,139,19,0
2026-12,E0313,C004,P029,160.0,124,97,27,0
2026-12,E0385,C010,P032,160.0,169,116,53,9
2026-12,E0492,C003,P021,160.0,167,156,11,7
2026-12,E0417,C011,P030,160.0,132,93,39,0
2026-12,E0187,C006,P020,160.0,158,108,50,0
2026-12,E0177,C005,P030,160.0,155,122,33,0
2026-12,E0146,C003,P020,160.0,130,115,15,0
2026-12,E0190,C001,P026,160.0,160,136,24,0
2026-12,E0137,C004,P027,160.0,181,118,63,21
2026-12,E0475,C012,P009,160.0,170,110,60,10
2026-12,E0008,C005,P026,160.0,109,71,38,0
2026-12,E0369,C012,P030,160.0,156,113,43,0
2026-12,E0409,C011,P020,160.0,166,142,24,6
2026-12,E0235,C012,P020,160.0,128,84,44,0
2026-12,E0247,C011,P032,160.0,169,157,12,9
2026-12,E0381,C002,P010,160.0,125,99,26,0
2026-12,E0166,C002,P022,160.0,137,120,17,0
2026-12,E0365,C003,P020,160.0,126,91,35,0
2026-12,E0407,C010,P003,160.0,123,116,7,0
2026-12,E0372,C010,P014,160.0,153,141,12,0
2026-12,E0445,C008,P025,160.0,111,77,34,0
2026-12,E0415,C002,P026,160.0,138,115,23,0
2026-12,E0167,C008,P028,160.0,153,134,19,0
2026-12,E0115,C003,P035,160.0,127,89,38,0
2026-12,E0384,C004,P004,160.0,174,135,39,14
2026-12,E0207,C004,P014,160.0,140,113,27,0
2026-12,E0307,C002,P027,160.0,180,170,10,20
2026-12,E0178,C004,P011,160.0,185,140,45,25
2026-12,E0222,C008,P028,160.0,109,83,26,0
2026-12,E0261,C010,P014,160.0,154,125,29,0
2026-12,E0015,C007,P021,160.0,149,131,18,0
2026-12,E0104,C009,P022,160.0,134,97,37,0
2026-12,E0260,C012,P025,160.0,145,116,29,0
2026-12,E0189,C006,P008,160.0,212,196,16,52
2026-12,E0094,C012,P031,160.0,157,132,25,0
2026-12,E0123,C004,P020,160.0,162,143,19,2
2026-12,E0228,C001,P006,160.0,141,100,41,0
2026-12,E0340,C012,P023,160.0,154,125,29,0
2026-12,E0497,C005,P008,160.0,124,109,15,0
2026-12,E0135,C006,P019,160.0,163,154,9,3
2026-12,E0001,C007,P016,160.0,179,145,34,19
2026-12,E0183,C010,P008,160.0,165,154,11,5
2026-12,E0486,C004,P001,160.0,126,108,18,0
2026-12,E0077,C012,P005,160.0,121,91,30,0
2026-12,E0414,C012,P030,160.0,202,152,50,42
2026-12,E0186,C008,P016,160.0,177,151,26,17
2026-12,E0257,C006,P029,160.0,162,114,48,2
2026-12,E0079,C003,P032,160.0,181,143,38,21
2026-12,E0311,C001,P034,160.0,144,116,28,0
2026-12,E0439,C001,P026,160.0,162,125,37,2
2026-12,E0406,C007,P026,160.0,174,159,15,14
2026-12,E0421,C004,P032,160.0,137,119,18,0
2026-12,E0225,C009,P018,160.0,156,139,17,0
2026-12,E0353,C004,P011,160.0,171,117,54,11
2026-12,E0091,C008,P010,160.0,119,91,28,0
2026-12,E0038,C003,P022,160.0,135,111,24,0
2026-12,E0281,C011,P014,160.0,170,136,34,10
2026-12,E0434,C004,P024,160.0,149,99,50,0
2026-12,E0284,C005,P034,160.0,146,120,26,0
2026-12,E0188,C001,P016,160.0,143,96,47,0
2026-12,E0314,C007,P002,160.0,173,141,32,13
